date_time,temp
2019-10-02 09:00:00,288.28
2019-10-02 10:00:00,289.36
2019-10-02 11:00:00,289.58
2019-10-02 12:00:00,290.13
2019-10-02 13:00:00,291.14
2019-10-02 14:00:00,291.72
2019-10-02 15:00:00,293.17
2019-10-02 16:00:00,293.86
2019-10-02 17:00:00,294.14
2019-10-02 18:00:00,293.1
2019-10-02 19:00:00,290.97
2019-10-02 20:00:00,289.38
2019-10-02 21:00:00,288.61
2019-10-02 22:00:00,287.16
2019-10-02 23:00:00,285.45
2019-10-03 00:00:00,284.63
2019-10-03 01:00:00,283.47
2019-10-03 02:00:00,281.18
2019-10-03 03:00:00,281.09
2019-10-03 04:00:00,279.53
2019-10-03 05:00:00,278.62
2019-10-03 06:00:00,278.23
2019-10-03 08:00:00,278.12
2019-10-03 09:00:00,282.48
2019-10-03 12:00:00,291.97
2019-10-03 13:00:00,293.23
2019-10-03 14:00:00,294.31
2019-10-03 15:00:00,295.17
2019-10-03 16:00:00,295.13
2019-10-03 18:00:00,293.66
2019-10-03 19:00:00,290.65
2019-10-03 20:00:00,288.19
2019-10-03 21:00:00,287.1
2019-10-03 22:00:00,286.25
2019-10-03 23:00:00,285.26
2019-10-04 00:00:00,284.55
2019-10-04 01:00:00,283.47
2019-10-04 02:00:00,283.17
2019-10-04 03:00:00,282.04
2019-10-04 04:00:00,281.69
2019-10-04 05:00:00,281.32
2019-10-04 06:00:00,280.74
2019-10-04 07:00:00,280.57
2019-10-04 08:00:00,281.86
2019-10-04 09:00:00,284.98
2019-10-04 10:00:00,289.18
2019-10-04 11:00:00,291.55
2019-10-04 12:00:00,294.97
2019-10-04 13:00:00,296.38
2019-10-04 14:00:00,297.32
2019-10-04 15:00:00,298.17
2019-10-04 16:00:00,298.06
2019-10-04 17:00:00,297.67
2019-10-04 18:00:00,296.36
2019-10-04 19:00:00,293.85
2019-10-04 20:00:00,292.43
2019-10-04 21:00:00,291.77
2019-10-04 22:00:00,291.36
2019-10-04 23:00:00,291.12
2019-10-05 00:00:00,290.63
2019-10-05 01:00:00,290.46
2019-10-05 03:00:00,289.26
2019-10-05 05:00:00,283.21
2019-10-05 06:00:00,282.24
2019-10-05 07:00:00,281.69
2019-10-05 08:00:00,280.57
2019-10-05 09:00:00,280.02
2019-10-05 10:00:00,280.11
2019-10-05 11:00:00,280.0
2019-10-05 12:00:00,280.53
2019-10-05 13:00:00,281.43
2019-10-05 14:00:00,281.78
2019-10-05 15:00:00,281.91
2019-10-05 16:00:00,281.73
2019-10-05 17:00:00,281.42
2019-10-05 18:00:00,280.87
2019-10-05 19:00:00,280.15
2019-10-05 20:00:00,279.78
2019-10-05 21:00:00,279.65
2019-10-05 22:00:00,279.22
2019-10-05 23:00:00,279.06
2019-10-06 00:00:00,278.81
2019-10-06 01:00:00,278.55
2019-10-06 02:00:00,278.59
2019-10-06 04:00:00,276.99
2019-10-06 05:00:00,276.35
2019-10-06 06:00:00,275.4
2019-10-06 07:00:00,275.17
2019-10-06 08:00:00,274.99
2019-10-06 09:00:00,275.09
2019-10-06 10:00:00,276.88
2019-10-06 11:00:00,278.04
2019-10-06 12:00:00,279.08
2019-10-06 13:00:00,280.12
2019-10-06 14:00:00,280.25
2019-10-06 15:00:00,280.0
2019-10-06 16:00:00,279.06
2019-10-06 17:00:00,278.91
2019-10-06 18:00:00,278.39
2019-10-06 19:00:00,278.16
2019-10-06 20:00:00,278.16
2019-10-06 21:00:00,277.93
2019-10-06 22:00:00,276.9
2019-10-06 23:00:00,276.34
2019-10-07 00:00:00,276.11
2019-10-07 03:00:00,275.73
2019-10-07 04:00:00,275.65
2019-10-07 05:00:00,275.51
2019-10-07 06:00:00,275.05
2019-10-07 07:00:00,274.77
2019-10-07 08:00:00,274.77
2019-10-07 09:00:00,275.55
2019-10-07 10:00:00,276.24
2019-10-07 11:00:00,277.01
2019-10-07 12:00:00,277.43
2019-10-07 13:00:00,278.45
2019-10-07 14:00:00,279.27
2019-10-07 15:00:00,279.27
2019-10-07 16:00:00,279.44
2019-10-07 17:00:00,279.32
2019-10-07 18:00:00,279.27
2019-10-07 19:00:00,278.11
2019-10-07 20:00:00,276.79
2019-10-07 21:00:00,275.73
2019-10-07 22:00:00,274.88
2019-10-07 23:00:00,273.92
2019-10-08 00:00:00,273.08
2019-10-08 01:00:00,272.62
2019-10-08 02:00:00,271.78
2019-10-08 03:00:00,271.05
2019-10-08 04:00:00,270.63
2019-10-08 05:00:00,270.33
2019-10-08 06:00:00,269.61
2019-10-08 07:00:00,270.01
2019-10-08 08:00:00,271.23
2019-10-08 09:00:00,273.71
2019-10-08 10:00:00,276.77
2019-10-08 11:00:00,279.47
2019-10-08 12:00:00,279.84
2019-10-08 13:00:00,282.34
2019-10-08 14:00:00,282.94
2019-10-08 15:00:00,283.48
2019-10-08 16:00:00,284.33
2019-10-08 17:00:00,284.48
2019-10-08 18:00:00,284.23
2019-10-08 19:00:00,281.99
2019-10-08 20:00:00,279.81
2019-10-08 21:00:00,279.35
2019-10-08 22:00:00,278.9
2019-10-08 23:00:00,278.46
2019-10-09 00:00:00,277.78
2019-10-09 01:00:00,277.27
2019-10-09 02:00:00,277.47
2019-10-09 04:00:00,276.97
2019-10-09 05:00:00,276.52
2019-10-09 06:00:00,276.6
2019-10-09 07:00:00,277.31
2019-10-09 08:00:00,278.38
2019-10-09 09:00:00,279.35
2019-10-09 10:00:00,281.37
2019-10-09 11:00:00,283.11
2019-10-09 12:00:00,284.08
2019-10-09 13:00:00,285.14
2019-10-09 14:00:00,286.35
2019-10-09 15:00:00,287.23
2019-10-09 16:00:00,288.53
2019-10-09 17:00:00,290.37
2019-10-09 18:00:00,290.13
2019-10-09 19:00:00,288.86
2019-10-09 20:00:00,287.36
2019-10-09 21:00:00,285.11
2019-10-09 22:00:00,283.46
2019-10-09 23:00:00,282.45
2019-10-10 00:00:00,281.88
2019-10-10 01:00:00,281.78
2019-10-10 02:00:00,281.09
2019-10-10 03:00:00,281.17
2019-10-10 06:00:00,281.25
2019-10-10 07:00:00,281.25
2019-10-10 07:00:00,281.25
2019-10-10 08:00:00,280.1
2019-10-10 08:00:00,280.1
2019-10-10 09:00:00,279.61
2019-10-10 09:00:00,279.61
2019-10-10 10:00:00,279.67
2019-10-10 11:00:00,280.19
2019-10-10 12:00:00,282.09
2019-10-10 13:00:00,282.26
2019-10-10 14:00:00,282.05
2019-10-10 15:00:00,281.59
2019-10-10 16:00:00,281.23
2019-10-10 18:00:00,282.6
2019-10-10 19:00:00,282.6
2019-10-10 20:00:00,282.6
2019-10-10 21:00:00,282.6
2019-10-10 22:00:00,282.6
2019-10-10 23:00:00,282.6
2019-10-11 01:00:00,273.9
2019-10-11 03:00:00,274.4
2019-10-11 04:00:00,274.05
2019-10-11 05:00:00,273.71
2019-10-11 06:00:00,272.66
2019-10-11 07:00:00,272.65
2019-10-11 08:00:00,272.52
2019-10-11 09:00:00,275.19
2019-10-11 10:00:00,275.34
2019-10-11 14:00:00,284.1
2019-10-11 15:00:00,284.1
2019-10-11 16:00:00,283.78
2019-10-11 17:00:00,283.52
2019-10-11 18:00:00,283.32
2019-10-11 19:00:00,282.06
2019-10-11 20:00:00,281.95
2019-10-11 21:00:00,281.81
2019-10-11 22:00:00,282.16
2019-10-11 23:00:00,282.53
2019-10-12 00:00:00,283.91
2019-10-12 01:00:00,284.64
2019-10-12 02:00:00,284.61
2019-10-12 03:00:00,283.18
2019-10-12 04:00:00,282.26
2019-10-12 05:00:00,280.77
2019-10-12 06:00:00,278.53
2019-10-12 07:00:00,277.64
2019-10-12 08:00:00,277.9
2019-10-12 09:00:00,278.18
2019-10-12 10:00:00,279.29
2019-10-12 11:00:00,280.45
2019-10-12 12:00:00,280.95
2019-10-12 13:00:00,281.74
2019-10-12 14:00:00,281.84
2019-10-12 15:00:00,282.45
2019-10-12 16:00:00,282.2
2019-10-12 17:00:00,281.54
2019-10-12 18:00:00,280.21
2019-10-12 23:00:00,282.2
2019-10-13 00:00:00,272.58
2019-10-13 01:00:00,272.06
2019-10-13 02:00:00,270.99
2019-10-13 03:00:00,270.29
2019-10-13 04:00:00,269.48
2019-10-13 05:00:00,269.27
2019-10-13 06:00:00,268.91
2019-10-13 07:00:00,268.98
2019-10-13 08:00:00,269.23
2019-10-13 09:00:00,272.61
2019-10-13 10:00:00,276.78
2019-10-13 11:00:00,279.22
2019-10-13 12:00:00,280.35
2019-10-13 13:00:00,281.81
2019-10-13 14:00:00,283.05
2019-10-13 15:00:00,283.96
2019-10-13 16:00:00,284.53
2019-10-13 17:00:00,284.44
2019-10-13 18:00:00,283.64
2019-10-13 19:00:00,281.85
2019-10-13 20:00:00,281.38
2019-10-13 21:00:00,281.84
2019-10-13 22:00:00,282.23
2019-10-13 23:00:00,282.18
2019-10-14 00:00:00,282.49
2019-10-14 01:00:00,282.54
2019-10-14 02:00:00,282.58
2019-10-14 03:00:00,282.23
2019-10-14 04:00:00,282.08
2019-10-14 05:00:00,282.23
2019-10-14 06:00:00,282.24
2019-10-14 07:00:00,282.24
2019-10-14 08:00:00,282.24
2019-10-14 09:00:00,282.43
2019-10-14 09:00:00,282.43
2019-10-14 09:00:00,282.43
2019-10-14 10:00:00,282.33
2019-10-14 10:00:00,282.33
2019-10-14 11:00:00,282.82
2019-10-14 11:00:00,282.82
2019-10-14 12:00:00,283.33
2019-10-14 12:00:00,283.33
2019-10-14 12:00:00,283.33
2019-10-14 13:00:00,283.75
2019-10-14 13:00:00,283.75
2019-10-14 13:00:00,283.75
2019-10-14 14:00:00,284.09
2019-10-14 14:00:00,284.09
2019-10-14 14:00:00,284.09
2019-10-14 15:00:00,284.55
2019-10-14 15:00:00,284.55
2019-10-14 16:00:00,284.68
2019-10-14 17:00:00,284.64
2019-10-14 17:00:00,284.64
2019-10-14 18:00:00,284.4
2019-10-14 19:00:00,284.17
2019-10-14 20:00:00,284.03
2019-10-14 21:00:00,283.58
2019-10-14 22:00:00,283.04
2019-10-14 23:00:00,281.95
2019-10-14 23:00:00,281.95
2019-10-15 00:00:00,281.61
2019-10-15 00:00:00,281.61
2019-10-15 01:00:00,281.57
2019-10-15 02:00:00,281.42
2019-10-15 03:00:00,281.29
2019-10-15 03:00:00,281.29
2019-10-15 04:00:00,281.02
2019-10-15 04:00:00,281.02
2019-10-15 05:00:00,280.82
2019-10-15 05:00:00,280.82
2019-10-15 06:00:00,280.39
2019-10-15 07:00:00,280.19
2019-10-15 08:00:00,279.82
2019-10-15 09:00:00,279.75
2019-10-15 10:00:00,280.07
2019-10-15 11:00:00,280.32
2019-10-15 12:00:00,281.72
2019-10-15 13:00:00,284.01
2019-10-15 14:00:00,285.88
2019-10-15 15:00:00,286.87
2019-10-15 16:00:00,287.6
2019-10-15 17:00:00,287.27
2019-10-15 18:00:00,286.18
2019-10-15 19:00:00,285.2
2019-10-15 20:00:00,284.68
2019-10-15 21:00:00,284.49
2019-10-15 22:00:00,283.54
2019-10-15 23:00:00,282.33
2019-10-16 00:00:00,281.21
2019-10-16 01:00:00,279.87
2019-10-16 02:00:00,278.93
2019-10-16 03:00:00,277.91
2019-10-16 04:00:00,277.21
2019-10-16 05:00:00,276.61
2019-10-16 06:00:00,276.11
2019-10-16 07:00:00,274.81
2019-10-16 08:00:00,274.99
2019-10-16 09:00:00,277.91
2019-10-16 10:00:00,280.71
2019-10-16 11:00:00,283.85
2019-10-16 12:00:00,286.01
2019-10-16 13:00:00,286.31
2019-10-16 14:00:00,288.15
2019-10-16 15:00:00,289.15
2019-10-16 16:00:00,288.99
2019-10-16 17:00:00,288.86
2019-10-16 18:00:00,288.16
2019-10-16 19:00:00,287.28
2019-10-16 20:00:00,287.04
2019-10-16 21:00:00,286.9
2019-10-16 22:00:00,287.09
2019-10-16 23:00:00,287.09
2019-10-17 00:00:00,286.89
2019-10-17 01:00:00,286.93
2019-10-17 02:00:00,286.93
2019-10-17 03:00:00,287.07
2019-10-17 04:00:00,286.56
2019-10-17 05:00:00,285.91
2019-10-17 06:00:00,285.29
2019-10-17 07:00:00,284.92
2019-10-17 08:00:00,285.35
2019-10-17 09:00:00,285.72
2019-10-17 09:00:00,285.72
2019-10-17 10:00:00,287.09
2019-10-17 11:00:00,288.31
2019-10-17 12:00:00,288.61
2019-10-17 13:00:00,290.32
2019-10-17 14:00:00,291.36
2019-10-17 15:00:00,292.01
2019-10-17 16:00:00,292.61
2019-10-17 17:00:00,292.65
2019-10-17 18:00:00,290.52
2019-10-17 19:00:00,288.35
2019-10-17 20:00:00,286.72
2019-10-17 21:00:00,285.49
2019-10-17 22:00:00,284.22
2019-10-17 23:00:00,283.8
2019-10-18 00:00:00,283.72
2019-10-18 01:00:00,282.8
2019-10-18 02:00:00,282.32
2019-10-18 03:00:00,282.38
2019-10-18 04:00:00,282.76
2019-10-18 05:00:00,282.88
2019-10-18 06:00:00,284.18
2019-10-18 07:00:00,284.69
2019-10-18 08:00:00,285.0
2019-10-18 09:00:00,286.9
2019-10-18 10:00:00,288.35
2019-10-18 11:00:00,289.59
2019-10-18 12:00:00,288.27
2019-10-18 13:00:00,286.41
2019-10-18 14:00:00,285.96
2019-10-18 15:00:00,287.04
2019-10-18 16:00:00,287.18
2019-10-18 17:00:00,286.94
2019-10-18 18:00:00,286.01
2019-10-18 19:00:00,284.67
2019-10-18 20:00:00,283.44
2019-10-18 21:00:00,282.51
2019-10-18 22:00:00,281.9
2019-10-18 23:00:00,281.85
2019-10-19 00:00:00,281.28
2019-10-19 01:00:00,280.97
2019-10-19 02:00:00,280.44
2019-10-19 02:00:00,280.44
2019-10-19 03:00:00,280.02
2019-10-19 04:00:00,279.79
2019-10-19 04:00:00,279.79
2019-10-19 04:00:00,279.79
2019-10-19 04:00:00,279.79
2019-10-19 05:00:00,279.74
2019-10-19 05:00:00,279.74
2019-10-19 06:00:00,279.65
2019-10-19 06:00:00,279.65
2019-10-19 06:00:00,279.65
2019-10-19 07:00:00,279.45
2019-10-19 07:00:00,279.45
2019-10-19 08:00:00,279.22
2019-10-19 08:00:00,279.22
2019-10-19 08:00:00,279.22
2019-10-19 09:00:00,279.35
2019-10-19 09:00:00,279.35
2019-10-19 10:00:00,279.92
2019-10-19 11:00:00,280.44
2019-10-19 12:00:00,281.0
2019-10-19 13:00:00,281.51
2019-10-19 14:00:00,281.93
2019-10-19 15:00:00,281.94
2019-10-19 15:00:00,281.94
2019-10-19 16:00:00,282.27
2019-10-19 17:00:00,282.41
2019-10-19 18:00:00,282.21
2019-10-19 19:00:00,281.69
2019-10-19 20:00:00,281.26
2019-10-19 21:00:00,280.66
2019-10-19 22:00:00,280.43
2019-10-19 22:00:00,280.43
2019-10-19 23:00:00,280.1
2019-10-19 23:00:00,280.1
2019-10-19 23:00:00,280.1
2019-10-20 00:00:00,280.06
2019-10-20 00:00:00,280.06
2019-10-20 01:00:00,280.28
2019-10-20 01:00:00,280.28
2019-10-20 02:00:00,280.38
2019-10-20 03:00:00,280.62
2019-10-20 03:00:00,280.62
2019-10-20 04:00:00,280.91
2019-10-20 04:00:00,280.91
2019-10-20 04:00:00,280.91
2019-10-20 05:00:00,280.96
2019-10-20 05:00:00,280.96
2019-10-20 05:00:00,280.96
2019-10-20 06:00:00,281.13
2019-10-20 06:00:00,281.13
2019-10-20 06:00:00,281.13
2019-10-20 07:00:00,281.28
2019-10-20 07:00:00,281.28
2019-10-20 07:00:00,281.28
2019-10-20 08:00:00,281.19
2019-10-20 08:00:00,281.19
2019-10-20 08:00:00,281.19
2019-10-20 09:00:00,281.7
2019-10-20 09:00:00,281.7
2019-10-20 09:00:00,281.7
2019-10-20 09:00:00,281.7
2019-10-20 10:00:00,282.02
2019-10-20 10:00:00,282.02
2019-10-20 10:00:00,282.02
2019-10-20 10:00:00,282.02
2019-10-20 11:00:00,282.35
2019-10-20 11:00:00,282.35
2019-10-20 11:00:00,282.35
2019-10-20 12:00:00,282.71
2019-10-20 12:00:00,282.71
2019-10-20 12:00:00,282.71
2019-10-20 12:00:00,282.71
2019-10-20 13:00:00,283.31
2019-10-20 14:00:00,283.79
2019-10-20 15:00:00,284.2
2019-10-20 16:00:00,284.32
2019-10-20 17:00:00,284.13
2019-10-20 18:00:00,283.14
2019-10-20 19:00:00,281.4
2019-10-20 20:00:00,280.47
2019-10-20 21:00:00,279.52
2019-10-20 22:00:00,278.85
2019-10-20 23:00:00,278.12
2019-10-21 00:00:00,277.94
2019-10-21 08:00:00,275.93
2019-10-21 08:00:00,275.93
2019-10-21 17:00:00,284.09
2019-10-21 18:00:00,282.6
2019-10-21 22:00:00,281.72
2019-10-21 23:00:00,281.26
2019-10-22 00:00:00,281.29
2019-10-22 01:00:00,281.01
2019-10-22 02:00:00,280.57
2019-10-22 03:00:00,280.54
2019-10-22 04:00:00,279.37
2019-10-22 05:00:00,279.18
2019-10-22 06:00:00,279.05
2019-10-22 10:00:00,282.7
2019-10-22 11:00:00,286.17
2019-10-22 12:00:00,288.61
2019-10-22 13:00:00,290.59
2019-10-22 14:00:00,292.21
2019-10-22 15:00:00,293.56
2019-10-22 16:00:00,293.43
2019-10-22 17:00:00,293.4
2019-10-22 18:00:00,291.47
2019-10-22 19:00:00,289.17
2019-10-22 20:00:00,287.28
2019-10-22 21:00:00,286.1
2019-10-22 22:00:00,285.45
2019-10-22 23:00:00,285.33
2019-10-23 00:00:00,285.07
2019-10-23 01:00:00,284.58
2019-10-23 02:00:00,283.88
2019-10-23 03:00:00,283.55
2019-10-23 04:00:00,282.85
2019-10-23 05:00:00,282.42
2019-10-23 06:00:00,282.13
2019-10-23 07:00:00,281.85
2019-10-23 08:00:00,281.85
2019-10-23 09:00:00,283.07
2019-10-23 10:00:00,284.53
2019-10-23 11:00:00,285.6
2019-10-23 12:00:00,286.63
2019-10-23 13:00:00,286.75
2019-10-23 14:00:00,287.97
2019-10-23 15:00:00,288.54
2019-10-23 16:00:00,288.72
2019-10-23 17:00:00,288.53
2019-10-23 18:00:00,288.16
2019-10-23 19:00:00,287.59
2019-10-23 20:00:00,287.21
2019-10-23 21:00:00,286.29
2019-10-23 22:00:00,285.7
2019-10-23 23:00:00,285.61
2019-10-24 00:00:00,285.37
2019-10-24 00:00:00,285.37
2019-10-24 01:00:00,285.51
2019-10-24 02:00:00,285.6
2019-10-24 03:00:00,285.99
2019-10-24 03:00:00,285.99
2019-10-24 04:00:00,285.94
2019-10-24 04:00:00,285.94
2019-10-24 05:00:00,285.97
2019-10-24 05:00:00,285.97
2019-10-24 05:00:00,285.97
2019-10-24 06:00:00,285.73
2019-10-24 06:00:00,285.73
2019-10-24 06:00:00,285.73
2019-10-24 06:00:00,285.73
2019-10-24 07:00:00,285.5
2019-10-24 07:00:00,285.5
2019-10-24 08:00:00,285.55
2019-10-24 08:00:00,285.55
2019-10-24 08:00:00,285.55
2019-10-24 08:00:00,285.55
2019-10-24 09:00:00,285.93
2019-10-24 09:00:00,285.93
2019-10-24 09:00:00,285.93
2019-10-24 10:00:00,286.34
2019-10-24 11:00:00,286.82
2019-10-24 11:00:00,286.82
2019-10-24 12:00:00,288.36
2019-10-24 12:00:00,288.36
2019-10-24 12:00:00,288.36
2019-10-24 13:00:00,289.08
2019-10-24 13:00:00,289.08
2019-10-24 13:00:00,289.08
2019-10-24 14:00:00,289.88
2019-10-24 14:00:00,289.88
2019-10-24 15:00:00,290.24
2019-10-24 15:00:00,290.24
2019-10-24 15:00:00,290.24
2019-10-24 16:00:00,290.01
2019-10-24 17:00:00,289.62
2019-10-24 17:00:00,289.62
2019-10-24 18:00:00,289.61
2019-10-24 18:00:00,289.61
2019-10-24 19:00:00,289.06
2019-10-24 20:00:00,288.34
2019-10-24 20:00:00,288.34
2019-10-24 21:00:00,287.06
2019-10-24 22:00:00,287.41
2019-10-24 23:00:00,287.52
2019-10-25 00:00:00,287.81
2019-10-25 01:00:00,287.29
2019-10-25 02:00:00,287.23
2019-10-25 03:00:00,286.44
2019-10-25 04:00:00,285.32
2019-10-25 04:00:00,285.32
2019-10-25 05:00:00,285.43
2019-10-25 06:00:00,285.53
2019-10-25 07:00:00,285.2
2019-10-25 07:00:00,285.2
2019-10-25 08:00:00,285.02
2019-10-25 10:00:00,286.43
2019-10-25 11:00:00,287.36
2019-10-25 12:00:00,287.6
2019-10-25 13:00:00,287.29
2019-10-25 14:00:00,286.41
2019-10-25 14:00:00,286.41
2019-10-25 14:00:00,286.41
2019-10-25 14:00:00,286.41
2019-10-25 15:00:00,285.8
2019-10-25 15:00:00,285.8
2019-10-25 15:00:00,285.8
2019-10-25 15:00:00,285.8
2019-10-25 15:00:00,285.8
2019-10-25 16:00:00,285.29
2019-10-25 16:00:00,285.29
2019-10-25 16:00:00,285.29
2019-10-25 17:00:00,284.77
2019-10-25 17:00:00,284.77
2019-10-25 17:00:00,284.77
2019-10-25 18:00:00,284.29
2019-10-25 18:00:00,284.29
2019-10-25 18:00:00,284.29
2019-10-25 18:00:00,284.29
2019-10-25 19:00:00,283.79
2019-10-25 19:00:00,283.79
2019-10-25 19:00:00,283.79
2019-10-25 20:00:00,283.44
2019-10-25 20:00:00,283.44
2019-10-25 20:00:00,283.44
2019-10-25 21:00:00,283.22
2019-10-25 21:00:00,283.22
2019-10-25 21:00:00,283.22
2019-10-25 22:00:00,282.82
2019-10-25 23:00:00,282.13
2019-10-26 00:00:00,281.05
2019-10-26 00:00:00,281.05
2019-10-26 00:00:00,281.05
2019-10-26 01:00:00,280.44
2019-10-26 01:00:00,280.44
2019-10-26 02:00:00,280.07
2019-10-26 02:00:00,280.07
2019-10-26 02:00:00,280.07
2019-10-26 03:00:00,279.54
2019-10-26 03:00:00,279.54
2019-10-26 03:00:00,279.54
2019-10-26 03:00:00,279.54
2019-10-26 04:00:00,278.93
2019-10-26 04:00:00,278.93
2019-10-26 04:00:00,278.93
2019-10-26 04:00:00,278.93
2019-10-26 04:00:00,278.93
2019-10-26 05:00:00,278.27
2019-10-26 05:00:00,278.27
2019-10-26 05:00:00,278.27
2019-10-26 05:00:00,278.27
2019-10-26 06:00:00,278.07
2019-10-26 06:00:00,278.07
2019-10-26 06:00:00,278.07
2019-10-26 07:00:00,277.53
2019-10-26 07:00:00,277.53
2019-10-26 08:00:00,276.23
2019-10-26 08:00:00,276.23
2019-10-26 08:00:00,276.23
2019-10-26 09:00:00,275.66
2019-10-26 09:00:00,275.66
2019-10-26 09:00:00,275.66
2019-10-26 10:00:00,275.02
2019-10-26 10:00:00,275.02
2019-10-26 10:00:00,275.02
2019-10-26 10:00:00,275.02
2019-10-26 11:00:00,275.03
2019-10-26 11:00:00,275.03
2019-10-26 11:00:00,275.03
2019-10-26 11:00:00,275.03
2019-10-26 12:00:00,274.5
2019-10-26 12:00:00,274.5
2019-10-26 13:00:00,275.01
2019-10-26 14:00:00,275.38
2019-10-26 14:00:00,275.38
2019-10-26 15:00:00,275.85
2019-10-26 16:00:00,276.56
2019-10-26 17:00:00,276.7
2019-10-26 18:00:00,276.71
2019-10-26 19:00:00,276.43
2019-10-26 20:00:00,276.23
2019-10-26 21:00:00,275.99
2019-10-26 22:00:00,276.28
2019-10-26 23:00:00,276.28
2019-10-27 00:00:00,276.01
2019-10-27 01:00:00,275.36
2019-10-27 02:00:00,274.93
2019-10-27 03:00:00,274.28
2019-10-27 04:00:00,274.01
2019-10-27 05:00:00,273.71
2019-10-27 06:00:00,273.43
2019-10-27 07:00:00,273.65
2019-10-27 08:00:00,274.58
2019-10-27 09:00:00,275.39
2019-10-27 10:00:00,275.44
2019-10-27 11:00:00,276.11
2019-10-27 12:00:00,276.48
2019-10-27 13:00:00,276.5
2019-10-27 14:00:00,276.56
2019-10-27 15:00:00,276.61
2019-10-27 16:00:00,276.9
2019-10-27 17:00:00,276.61
2019-10-27 18:00:00,276.34
2019-10-27 19:00:00,275.96
2019-10-27 20:00:00,275.6
2019-10-27 21:00:00,274.86
2019-10-27 22:00:00,274.05
2019-10-27 23:00:00,273.62
2019-10-28 00:00:00,273.52
2019-10-28 01:00:00,273.54
2019-10-28 02:00:00,273.63
2019-10-28 03:00:00,273.63
2019-10-28 04:00:00,273.22
2019-10-28 05:00:00,272.75
2019-10-28 06:00:00,272.16
2019-10-28 07:00:00,271.06
2019-10-28 08:00:00,270.68
2019-10-28 09:00:00,272.6
2019-10-28 10:00:00,274.06
2019-10-28 11:00:00,275.81
2019-10-28 12:00:00,277.54
2019-10-28 13:00:00,278.54
2019-10-28 14:00:00,278.97
2019-10-28 15:00:00,278.91
2019-10-28 16:00:00,278.81
2019-10-28 17:00:00,278.27
2019-10-28 18:00:00,276.67
2019-10-28 19:00:00,275.86
2019-10-28 20:00:00,274.29
2019-10-28 21:00:00,273.37
2019-10-28 22:00:00,272.77
2019-10-28 23:00:00,272.01
2019-10-29 00:00:00,271.78
2019-10-29 01:00:00,271.41
2019-10-29 02:00:00,271.46
2019-10-29 03:00:00,271.76
2019-10-29 04:00:00,272.24
2019-10-29 05:00:00,271.98
2019-10-29 06:00:00,271.53
2019-10-29 07:00:00,271.46
2019-10-29 08:00:00,271.7
2019-10-29 09:00:00,273.26
2019-10-29 10:00:00,274.9
2019-10-29 11:00:00,276.33
2019-10-29 12:00:00,277.58
2019-10-29 13:00:00,278.5
2019-10-29 14:00:00,279.3
2019-10-29 15:00:00,279.89
2019-10-29 16:00:00,280.11
2019-10-29 17:00:00,279.82
2019-10-29 18:00:00,278.69
2019-10-29 19:00:00,277.75
2019-10-29 20:00:00,276.77
2019-10-29 21:00:00,276.61
2019-10-29 22:00:00,276.06
2019-10-29 23:00:00,275.22
2019-10-30 00:00:00,274.75
2019-10-30 01:00:00,274.24
2019-10-30 02:00:00,273.47
2019-10-30 03:00:00,273.5
2019-10-30 04:00:00,273.15
2019-10-30 05:00:00,273.0
2019-10-30 06:00:00,272.69
2019-10-30 07:00:00,273.08
2019-10-30 08:00:00,273.91
2019-10-30 09:00:00,274.82
2019-10-30 10:00:00,276.16
2019-10-30 11:00:00,277.69
2019-10-30 12:00:00,278.47
2019-10-30 13:00:00,279.12
2019-10-30 14:00:00,279.28
2019-10-30 15:00:00,280.19
2019-10-30 16:00:00,280.5
2019-10-30 17:00:00,280.3
2019-10-30 18:00:00,279.58
2019-10-30 19:00:00,278.78
2019-10-30 20:00:00,278.5
2019-10-30 21:00:00,276.93
2019-10-30 22:00:00,276.03
2019-10-30 23:00:00,275.01
2019-10-31 00:00:00,273.87
2019-10-31 01:00:00,272.99
2019-10-31 02:00:00,272.41
2019-10-31 03:00:00,272.31
2019-10-31 04:00:00,272.39
2019-10-31 05:00:00,271.73
2019-10-31 06:00:00,271.54
2019-10-31 07:00:00,271.12
2019-10-31 08:00:00,271.17
2019-10-31 09:00:00,273.11
2019-10-31 10:00:00,276.01
2019-10-31 11:00:00,278.27
2019-10-31 12:00:00,279.84
2019-10-31 13:00:00,280.68
2019-10-31 14:00:00,281.22
2019-10-31 15:00:00,281.8
2019-10-31 16:00:00,282.2
2019-10-31 17:00:00,281.48
2019-10-31 18:00:00,280.0
2019-10-31 19:00:00,278.48
2019-10-31 20:00:00,276.86
2019-10-31 21:00:00,275.45
2019-10-31 22:00:00,274.05
2019-10-31 23:00:00,272.75
2019-11-01 00:00:00,271.73
2019-11-01 01:00:00,270.91
2019-11-01 02:00:00,270.15
2019-11-01 03:00:00,269.68
2019-11-01 04:00:00,269.44
2019-11-01 05:00:00,268.96
2019-11-01 06:00:00,268.61
2019-11-01 07:00:00,268.74
2019-11-01 08:00:00,268.45
2019-11-01 09:00:00,270.9
2019-11-01 10:00:00,273.45
2019-11-01 11:00:00,275.9
2019-11-01 12:00:00,278.7
2019-11-01 13:00:00,280.25
2019-11-01 14:00:00,281.67
2019-11-01 15:00:00,283.03
2019-11-01 16:00:00,283.13
2019-11-01 17:00:00,283.04
2019-11-01 18:00:00,281.3
2019-11-01 19:00:00,279.84
2019-11-01 20:00:00,278.88
2019-11-01 21:00:00,278.51
2019-11-01 22:00:00,279.26
2019-11-01 23:00:00,279.21
2019-11-02 00:00:00,278.85
2019-11-02 01:00:00,277.59
2019-11-02 02:00:00,277.01
2019-11-02 03:00:00,277.15
2019-11-02 04:00:00,277.9
2019-11-02 05:00:00,278.31
2019-11-02 06:00:00,278.63
2019-11-02 07:00:00,278.22
2019-11-02 08:00:00,277.58
2019-11-02 09:00:00,278.02
2019-11-02 10:00:00,278.37
2019-11-02 11:00:00,278.78
2019-11-02 12:00:00,278.78
2019-11-02 13:00:00,279.59
2019-11-02 14:00:00,279.64
2019-11-02 15:00:00,280.0
2019-11-02 16:00:00,279.76
2019-11-02 17:00:00,278.9
2019-11-02 18:00:00,277.06
2019-11-02 19:00:00,275.29
2019-11-02 20:00:00,274.98
2019-11-02 21:00:00,273.31
2019-11-02 22:00:00,272.77
2019-11-02 23:00:00,272.06
2019-11-03 00:00:00,272.01
2019-11-03 01:00:00,271.8
2019-11-03 02:00:00,271.3
2019-11-03 03:00:00,270.41
2019-11-03 04:00:00,269.9
2019-11-03 05:00:00,269.56
2019-11-03 06:00:00,269.39
2019-11-03 07:00:00,269.24
2019-11-03 08:00:00,268.99
2019-11-03 09:00:00,271.47
2019-11-03 10:00:00,272.85
2019-11-03 11:00:00,273.93
2019-11-03 12:00:00,274.85
2019-11-03 13:00:00,275.43
2019-11-03 14:00:00,275.73
2019-11-03 15:00:00,275.9
2019-11-03 16:00:00,276.29
2019-11-03 17:00:00,276.41
2019-11-03 18:00:00,276.29
2019-11-03 19:00:00,276.13
2019-11-03 20:00:00,275.93
2019-11-03 21:00:00,275.93
2019-11-03 22:00:00,275.67
2019-11-03 23:00:00,275.58
2019-11-04 00:00:00,275.67
2019-11-04 01:00:00,275.6
2019-11-04 01:00:00,275.77
2019-11-04 02:00:00,275.42
2019-11-04 03:00:00,275.47
2019-11-04 05:00:00,275.33
2019-11-04 06:00:00,275.08
2019-11-04 07:00:00,275.08
2019-11-04 08:00:00,275.09
2019-11-04 08:00:00,275.09
2019-11-04 09:00:00,275.44
2019-11-04 10:00:00,276.1
2019-11-04 11:00:00,276.45
2019-11-04 12:00:00,276.76
2019-11-04 13:00:00,277.11
2019-11-04 14:00:00,278.13
2019-11-04 15:00:00,278.44
2019-11-04 16:00:00,278.44
2019-11-04 17:00:00,278.09
2019-11-04 18:00:00,277.72
2019-11-04 19:00:00,277.41
2019-11-04 20:00:00,277.2
2019-11-04 21:00:00,277.06
2019-11-04 22:00:00,276.7
2019-11-04 23:00:00,276.54
2019-11-05 00:00:00,276.07
2019-11-05 01:00:00,275.67
2019-11-05 02:00:00,274.97
2019-11-05 03:00:00,274.86
2019-11-05 04:00:00,273.45
2019-11-05 05:00:00,272.66
2019-11-05 06:00:00,272.18
2019-11-05 07:00:00,272.32
2019-11-05 08:00:00,272.69
2019-11-05 09:00:00,274.26
2019-11-05 10:00:00,275.99
2019-11-05 11:00:00,277.35
2019-11-05 12:00:00,277.83
2019-11-05 13:00:00,278.47
2019-11-05 14:00:00,278.71
2019-11-05 16:00:00,280.56
2019-11-05 17:00:00,280.56
2019-11-05 18:00:00,279.26
2019-11-05 20:00:00,280.56
2019-11-05 21:00:00,280.56
2019-11-05 22:00:00,280.56
2019-11-05 23:00:00,280.56
2019-11-06 00:00:00,280.56
2019-11-06 01:00:00,274.41
2019-11-06 02:00:00,274.41
2019-11-06 03:00:00,274.41
2019-11-06 04:00:00,274.41
2019-11-06 05:00:00,274.41
2019-11-06 06:00:00,274.41
2019-11-06 07:00:00,274.91
2019-11-06 08:00:00,274.91
2019-11-06 09:00:00,274.91
2019-11-06 10:00:00,274.91
2019-11-06 12:00:00,277.12
2019-11-06 13:00:00,278.04
2019-11-06 14:00:00,278.19
2019-11-06 15:00:00,278.38
2019-11-06 16:00:00,278.59
2019-11-06 17:00:00,278.65
2019-11-06 18:00:00,278.74
2019-11-06 18:00:00,278.74
2019-11-06 19:00:00,278.87
2019-11-06 19:00:00,278.87
2019-11-06 20:00:00,279.02
2019-11-06 20:00:00,279.02
2019-11-06 21:00:00,278.84
2019-11-06 21:00:00,278.84
2019-11-06 21:00:00,278.84
2019-11-06 22:00:00,278.56
2019-11-06 22:00:00,278.56
2019-11-06 22:00:00,278.56
2019-11-06 23:00:00,278.5
2019-11-06 23:00:00,278.5
2019-11-07 00:00:00,278.03
2019-11-07 00:00:00,278.03
2019-11-07 00:00:00,278.03
2019-11-07 01:00:00,277.28
2019-11-07 01:00:00,277.28
2019-11-07 02:00:00,277.06
2019-11-07 02:00:00,277.06
2019-11-07 02:00:00,277.06
2019-11-07 02:00:00,277.06
2019-11-07 03:00:00,276.83
2019-11-07 03:00:00,276.83
2019-11-07 03:00:00,276.83
2019-11-07 04:00:00,277.15
2019-11-07 04:00:00,277.15
2019-11-07 05:00:00,277.57
2019-11-07 05:00:00,277.57
2019-11-07 06:00:00,277.51
2019-11-07 06:00:00,277.51
2019-11-07 06:00:00,277.51
2019-11-07 07:00:00,277.41
2019-11-07 07:00:00,277.41
2019-11-07 08:00:00,277.68
2019-11-07 08:00:00,277.68
2019-11-07 09:00:00,278.15
2019-11-07 10:00:00,278.42
2019-11-07 11:00:00,278.61
2019-11-07 12:00:00,279.14
2019-11-07 13:00:00,278.99
2019-11-07 14:00:00,278.83
2019-11-07 15:00:00,278.57
2019-11-07 15:00:00,278.57
2019-11-07 16:00:00,278.21
2019-11-07 16:00:00,278.21
2019-11-07 16:00:00,278.21
2019-11-07 16:00:00,278.21
2019-11-07 17:00:00,277.96
2019-11-07 17:00:00,277.96
2019-11-07 18:00:00,277.51
2019-11-07 19:00:00,277.18
2019-11-07 20:00:00,277.08
2019-11-07 21:00:00,276.98
2019-11-07 22:00:00,276.93
2019-11-07 23:00:00,276.76
2019-11-08 00:00:00,276.79
2019-11-08 01:00:00,276.64
2019-11-08 02:00:00,276.41
2019-11-08 03:00:00,276.32
2019-11-08 04:00:00,276.32
2019-11-08 05:00:00,276.29
2019-11-08 06:00:00,276.29
2019-11-08 07:00:00,276.38
2019-11-08 08:00:00,276.94
2019-11-08 09:00:00,277.39
2019-11-08 10:00:00,278.31
2019-11-08 11:00:00,278.71
2019-11-08 12:00:00,279.86
2019-11-08 13:00:00,279.97
2019-11-08 14:00:00,280.53
2019-11-08 15:00:00,280.57
2019-11-08 16:00:00,280.3
2019-11-08 17:00:00,279.79
2019-11-08 18:00:00,278.91
2019-11-08 19:00:00,277.79
2019-11-08 20:00:00,277.0
2019-11-08 21:00:00,276.52
2019-11-08 22:00:00,276.25
2019-11-08 23:00:00,276.1
2019-11-09 00:00:00,276.1
2019-11-09 01:00:00,275.91
2019-11-09 02:00:00,275.69
2019-11-09 03:00:00,275.4
2019-11-09 04:00:00,275.44
2019-11-09 05:00:00,275.35
2019-11-09 06:00:00,275.4
2019-11-09 07:00:00,275.4
2019-11-09 08:00:00,275.89
2019-11-09 09:00:00,277.07
2019-11-09 10:00:00,278.66
2019-11-09 11:00:00,282.16
2019-11-09 12:00:00,282.49
2019-11-09 13:00:00,284.21
2019-11-09 14:00:00,284.57
2019-11-09 15:00:00,284.64
2019-11-09 16:00:00,284.11
2019-11-09 17:00:00,282.06
2019-11-09 18:00:00,279.8
2019-11-09 19:00:00,278.54
2019-11-09 20:00:00,278.09
2019-11-09 21:00:00,277.88
2019-11-09 22:00:00,277.36
2019-11-09 23:00:00,277.25
2019-11-10 00:00:00,276.64
2019-11-10 01:00:00,275.98
2019-11-10 02:00:00,275.73
2019-11-10 03:00:00,275.63
2019-11-10 04:00:00,275.29
2019-11-10 05:00:00,275.25
2019-11-10 06:00:00,275.1
2019-11-10 07:00:00,275.23
2019-11-10 08:00:00,276.09
2019-11-10 09:00:00,277.86
2019-11-10 10:00:00,280.05
2019-11-10 11:00:00,281.75
2019-11-10 12:00:00,283.15
2019-11-10 13:00:00,283.99
2019-11-10 14:00:00,284.03
2019-11-10 15:00:00,283.98
2019-11-10 16:00:00,283.0
2019-11-10 17:00:00,281.46
2019-11-10 18:00:00,280.71
2019-11-10 19:00:00,280.24
2019-11-10 20:00:00,280.18
2019-11-10 21:00:00,280.08
2019-11-10 22:00:00,280.23
2019-11-10 23:00:00,280.33
2019-11-11 00:00:00,280.27
2019-11-11 01:00:00,279.87
2019-11-11 01:00:00,279.87
2019-11-11 01:00:00,279.87
2019-11-11 01:00:00,279.87
2019-11-11 02:00:00,280.01
2019-11-11 02:00:00,280.01
2019-11-11 02:00:00,280.01
2019-11-11 03:00:00,280.26
2019-11-11 03:00:00,280.26
2019-11-11 03:00:00,280.26
2019-11-11 03:00:00,280.26
2019-11-11 04:00:00,280.1
2019-11-11 04:00:00,280.1
2019-11-11 04:00:00,280.1
2019-11-11 04:00:00,280.1
2019-11-11 04:00:00,280.1
2019-11-11 05:00:00,279.9
2019-11-11 05:00:00,279.9
2019-11-11 05:00:00,279.9
2019-11-11 06:00:00,279.79
2019-11-11 06:00:00,279.79
2019-11-11 06:00:00,279.79
2019-11-11 06:00:00,279.79
2019-11-11 07:00:00,279.95
2019-11-11 07:00:00,279.95
2019-11-11 07:00:00,279.95
2019-11-11 08:00:00,279.91
2019-11-11 08:00:00,279.91
2019-11-11 09:00:00,280.43
2019-11-11 09:00:00,280.43
2019-11-11 09:00:00,280.43
2019-11-11 09:00:00,280.43
2019-11-11 09:00:00,280.43
2019-11-11 10:00:00,281.02
2019-11-11 10:00:00,281.02
2019-11-11 11:00:00,282.05
2019-11-11 12:00:00,283.42
2019-11-11 12:00:00,283.42
2019-11-11 13:00:00,284.94
2019-11-11 13:00:00,284.94
2019-11-11 14:00:00,287.6
2019-11-11 14:00:00,287.6
2019-11-11 15:00:00,289.71
2019-11-11 15:00:00,289.71
2019-11-11 16:00:00,291.14
2019-11-11 17:00:00,290.28
2019-11-11 18:00:00,288.29
2019-11-11 18:00:00,288.29
2019-11-11 19:00:00,289.25
2019-11-11 20:00:00,291.57
2019-11-11 21:00:00,291.28
2019-11-11 23:00:00,288.12
2019-11-12 00:00:00,288.12
2019-11-12 01:00:00,282.74
2019-11-12 02:00:00,282.74
2019-11-12 03:00:00,282.74
2019-11-12 04:00:00,282.74
2019-11-12 05:00:00,282.74
2019-11-12 06:00:00,282.74
2019-11-12 07:00:00,273.9
2019-11-12 08:00:00,273.9
2019-11-12 09:00:00,273.9
2019-11-12 10:00:00,272.42
2019-11-12 11:00:00,272.09
2019-11-12 11:00:00,272.09
2019-11-12 12:00:00,271.94
2019-11-12 13:00:00,271.85
2019-11-12 14:00:00,271.4
2019-11-12 15:00:00,271.25
2019-11-12 16:00:00,270.6
2019-11-12 17:00:00,270.07
2019-11-12 18:00:00,269.76
2019-11-12 19:00:00,269.71
2019-11-12 20:00:00,269.19
2019-11-12 21:00:00,268.91
2019-11-12 22:00:00,268.39
2019-11-12 23:00:00,267.27
2019-11-13 00:00:00,267.05
2019-11-13 01:00:00,266.64
2019-11-13 02:00:00,266.58
2019-11-13 03:00:00,266.02
2019-11-13 04:00:00,265.93
2019-11-13 05:00:00,266.15
2019-11-13 06:00:00,266.42
2019-11-13 07:00:00,266.85
2019-11-13 08:00:00,266.86
2019-11-13 08:00:00,266.86
2019-11-13 09:00:00,267.05
2019-11-13 10:00:00,267.81
2019-11-13 11:00:00,268.35
2019-11-13 12:00:00,268.77
2019-11-13 13:00:00,269.04
2019-11-13 14:00:00,269.23
2019-11-13 15:00:00,269.51
2019-11-13 16:00:00,269.24
2019-11-13 17:00:00,269.06
2019-11-13 18:00:00,268.35
2019-11-13 19:00:00,268.26
2019-11-13 20:00:00,268.21
2019-11-13 21:00:00,267.91
2019-11-13 22:00:00,267.75
2019-11-13 23:00:00,267.15
2019-11-14 00:00:00,266.33
2019-11-14 01:00:00,265.99
2019-11-14 02:00:00,265.94
2019-11-14 03:00:00,265.14
2019-11-14 04:00:00,264.61
2019-11-14 05:00:00,264.67
2019-11-14 06:00:00,264.82
2019-11-14 07:00:00,265.1
2019-11-14 08:00:00,266.4
2019-11-14 09:00:00,269.25
2019-11-14 10:00:00,271.89
2019-11-14 11:00:00,272.77
2019-11-14 12:00:00,275.0
2019-11-14 13:00:00,277.19
2019-11-14 14:00:00,277.92
2019-11-14 15:00:00,278.95
2019-11-14 16:00:00,278.02
2019-11-14 17:00:00,276.5
2019-11-14 18:00:00,275.88
2019-11-14 19:00:00,275.98
2019-11-14 20:00:00,275.98
2019-11-14 21:00:00,276.13
2019-11-14 22:00:00,276.53
2019-11-14 23:00:00,276.53
2019-11-15 00:00:00,276.48
2019-11-15 01:00:00,276.26
2019-11-15 02:00:00,276.02
2019-11-15 03:00:00,275.87
2019-11-15 04:00:00,275.47
2019-11-15 05:00:00,274.91
2019-11-15 06:00:00,274.34
2019-11-15 07:00:00,273.31
2019-11-15 08:00:00,273.76
2019-11-15 09:00:00,276.44
2019-11-15 10:00:00,278.23
2019-11-15 11:00:00,279.03
2019-11-15 12:00:00,280.71
2019-11-15 13:00:00,283.26
2019-11-15 14:00:00,283.8
2019-11-15 15:00:00,283.29
2019-11-15 16:00:00,282.32
2019-11-15 17:00:00,280.33
2019-11-15 18:00:00,278.97
2019-11-15 19:00:00,278.64
2019-11-15 20:00:00,278.12
2019-11-15 21:00:00,278.05
2019-11-15 23:00:00,279.5
2019-11-16 00:00:00,279.5
2019-11-16 01:00:00,277.1
2019-11-16 02:00:00,277.1
2019-11-16 03:00:00,277.1
2019-11-16 04:00:00,277.1
2019-11-16 05:00:00,277.1
2019-11-16 06:00:00,277.1
2019-11-16 07:00:00,276.8
2019-11-16 08:00:00,276.8
2019-11-16 09:00:00,276.8
2019-11-16 10:00:00,276.8
2019-11-16 11:00:00,276.8
2019-11-16 12:00:00,276.8
2019-11-16 13:00:00,276.8
2019-11-16 14:00:00,279.24
2019-11-16 15:00:00,279.24
2019-11-16 16:00:00,279.24
2019-11-16 17:00:00,279.24
2019-11-16 18:00:00,279.24
2019-11-16 19:00:00,279.24
2019-11-16 20:00:00,279.24
2019-11-16 21:00:00,279.24
2019-11-16 22:00:00,279.24
2019-11-16 23:00:00,279.24
2019-11-17 00:00:00,279.24
2019-11-17 01:00:00,270.94
2019-11-17 02:00:00,270.94
2019-11-17 03:00:00,270.94
2019-11-17 04:00:00,270.94
2019-11-17 05:00:00,266.83
2019-11-17 06:00:00,266.27
2019-11-17 07:00:00,265.91
2019-11-17 08:00:00,267.33
2019-11-17 09:00:00,270.82
2019-11-17 10:00:00,273.55
2019-11-17 11:00:00,275.85
2019-11-17 12:00:00,277.61
2019-11-17 13:00:00,278.64
2019-11-17 14:00:00,279.34
2019-11-17 15:00:00,279.39
2019-11-17 16:00:00,278.73
2019-11-17 17:00:00,276.5
2019-11-17 19:00:00,274.33
2019-11-17 20:00:00,274.43
2019-11-17 21:00:00,274.45
2019-11-17 22:00:00,274.4
2019-11-17 23:00:00,274.78
2019-11-18 00:00:00,275.15
2019-11-18 01:00:00,275.25
2019-11-18 02:00:00,275.62
2019-11-18 03:00:00,275.89
2019-11-18 04:00:00,276.16
2019-11-18 05:00:00,276.29
2019-11-18 06:00:00,276.24
2019-11-18 07:00:00,276.2
2019-11-18 08:00:00,277.08
2019-11-18 09:00:00,279.0
2019-11-18 10:00:00,281.2
2019-11-18 11:00:00,283.49
2019-11-18 12:00:00,285.53
2019-11-18 13:00:00,285.96
2019-11-18 14:00:00,285.95
2019-11-18 15:00:00,285.65
2019-11-18 16:00:00,285.05
2019-11-18 17:00:00,284.31
2019-11-18 18:00:00,284.17
2019-11-18 19:00:00,284.17
2019-11-18 20:00:00,284.17
2019-11-18 21:00:00,283.94
2019-11-18 22:00:00,283.65
2019-11-18 23:00:00,283.55
2019-11-19 00:00:00,283.01
2019-11-19 01:00:00,282.54
2019-11-19 02:00:00,282.45
2019-11-19 03:00:00,282.02
2019-11-19 04:00:00,281.8
2019-11-19 05:00:00,281.06
2019-11-19 06:00:00,280.5
2019-11-19 07:00:00,280.03
2019-11-19 08:00:00,280.0
2019-11-19 09:00:00,281.48
2019-11-19 10:00:00,282.85
2019-11-19 11:00:00,284.13
2019-11-19 12:00:00,285.5
2019-11-19 13:00:00,286.43
2019-11-19 14:00:00,287.18
2019-11-19 15:00:00,286.68
2019-11-19 16:00:00,286.02
2019-11-19 17:00:00,284.55
2019-11-19 18:00:00,284.64
2019-11-19 19:00:00,284.34
2019-11-19 20:00:00,284.04
2019-11-19 21:00:00,283.5
2019-11-19 22:00:00,282.96
2019-11-19 23:00:00,282.38
2019-11-20 00:00:00,282.09
2019-11-20 01:00:00,281.77
2019-11-20 02:00:00,282.35
2019-11-20 03:00:00,282.26
2019-11-20 04:00:00,282.37
2019-11-20 05:00:00,282.52
2019-11-20 06:00:00,282.43
2019-11-20 07:00:00,282.01
2019-11-20 08:00:00,282.33
2019-11-20 09:00:00,283.08
2019-11-20 10:00:00,283.53
2019-11-20 11:00:00,285.74
2019-11-20 12:00:00,286.67
2019-11-20 13:00:00,287.41
2019-11-20 14:00:00,287.74
2019-11-20 15:00:00,287.73
2019-11-20 16:00:00,286.53
2019-11-20 17:00:00,283.85
2019-11-20 18:00:00,281.47
2019-11-20 19:00:00,280.54
2019-11-20 20:00:00,279.11
2019-11-20 21:00:00,278.24
2019-11-20 22:00:00,277.99
2019-11-20 23:00:00,278.0
2019-11-21 00:00:00,277.74
2019-11-21 01:00:00,277.23
2019-11-21 02:00:00,276.49
2019-11-21 03:00:00,276.15
2019-11-21 04:00:00,275.06
2019-11-21 05:00:00,273.99
2019-11-21 06:00:00,273.0
2019-11-21 06:00:00,273.0
2019-11-21 07:00:00,272.54
2019-11-21 07:00:00,272.54
2019-11-21 08:00:00,272.51
2019-11-21 08:00:00,272.51
2019-11-21 08:00:00,272.51
2019-11-21 09:00:00,274.66
2019-11-21 09:00:00,274.66
2019-11-21 09:00:00,274.66
2019-11-21 10:00:00,276.57
2019-11-21 10:00:00,276.57
2019-11-21 11:00:00,278.81
2019-11-21 12:00:00,280.95
2019-11-21 13:00:00,283.13
2019-11-21 14:00:00,283.91
2019-11-21 15:00:00,284.22
2019-11-21 16:00:00,282.46
2019-11-21 17:00:00,279.63
2019-11-21 18:00:00,278.13
2019-11-21 19:00:00,277.36
2019-11-21 20:00:00,277.38
2019-11-21 21:00:00,277.82
2019-11-21 22:00:00,278.33
2019-11-21 23:00:00,278.49
2019-11-22 00:00:00,278.54
2019-11-22 01:00:00,278.97
2019-11-22 02:00:00,279.35
2019-11-22 03:00:00,279.68
2019-11-22 04:00:00,279.36
2019-11-22 05:00:00,279.46
2019-11-22 06:00:00,279.93
2019-11-22 07:00:00,279.66
2019-11-22 08:00:00,279.47
2019-11-22 09:00:00,281.16
2019-11-22 10:00:00,283.0
2019-11-22 11:00:00,284.99
2019-11-22 12:00:00,285.88
2019-11-22 13:00:00,286.87
2019-11-22 14:00:00,287.98
2019-11-22 15:00:00,288.46
2019-11-22 16:00:00,287.3
2019-11-22 17:00:00,285.57
2019-11-22 18:00:00,284.82
2019-11-22 19:00:00,285.57
2019-11-22 20:00:00,287.12
2019-11-22 21:00:00,287.97
2019-11-22 22:00:00,288.23
2019-11-22 23:00:00,288.22
2019-11-23 00:00:00,287.46
2019-11-23 01:00:00,286.67
2019-11-23 02:00:00,286.01
2019-11-23 03:00:00,285.37
2019-11-23 04:00:00,284.82
2019-11-23 05:00:00,284.58
2019-11-23 06:00:00,284.06
2019-11-23 07:00:00,283.35
2019-11-23 08:00:00,283.0
2019-11-23 09:00:00,283.89
2019-11-23 10:00:00,284.9
2019-11-23 11:00:00,284.99
2019-11-23 12:00:00,284.15
2019-11-23 13:00:00,282.15
2019-11-23 14:00:00,279.39
2019-11-23 15:00:00,277.38
2019-11-23 16:00:00,276.44
2019-11-23 16:00:00,276.44
2019-11-23 17:00:00,274.35
2019-11-23 17:00:00,274.35
2019-11-23 18:00:00,273.13
2019-11-23 18:00:00,273.13
2019-11-23 19:00:00,272.42
2019-11-23 19:00:00,272.42
2019-11-23 19:00:00,272.42
2019-11-23 19:00:00,272.42
2019-11-23 20:00:00,271.6
2019-11-23 20:00:00,271.6
2019-11-23 20:00:00,271.6
2019-11-23 21:00:00,270.59
2019-11-23 22:00:00,269.61
2019-11-23 23:00:00,268.72
2019-11-23 23:00:00,268.72
2019-11-24 00:00:00,268.06
2019-11-24 01:00:00,267.76
2019-11-24 01:00:00,267.76
2019-11-24 02:00:00,267.19
2019-11-24 03:00:00,266.59
2019-11-24 03:00:00,266.59
2019-11-24 04:00:00,265.86
2019-11-24 05:00:00,265.6
2019-11-24 06:00:00,265.55
2019-11-24 07:00:00,265.5
2019-11-24 08:00:00,266.01
2019-11-24 09:00:00,266.51
2019-11-24 10:00:00,266.98
2019-11-24 11:00:00,267.78
2019-11-24 12:00:00,268.76
2019-11-24 13:00:00,269.24
2019-11-24 14:00:00,269.4
2019-11-24 15:00:00,269.2
2019-11-24 16:00:00,269.15
2019-11-24 17:00:00,268.5
2019-11-24 18:00:00,267.82
2019-11-24 19:00:00,266.92
2019-11-24 20:00:00,265.61
2019-11-25 01:00:00,262.33
2019-11-25 02:00:00,261.45
2019-11-25 03:00:00,261.08
2019-11-25 04:00:00,260.62
2019-11-25 05:00:00,260.24
2019-11-25 06:00:00,259.88
2019-11-25 07:00:00,259.78
2019-11-25 08:00:00,260.82
2019-11-25 09:00:00,263.42
2019-11-25 10:00:00,265.24
2019-11-25 11:00:00,266.31
2019-11-25 12:00:00,267.37
2019-11-25 13:00:00,268.13
2019-11-25 14:00:00,268.93
2019-11-25 15:00:00,269.41
2019-11-25 16:00:00,270.1
2019-11-25 17:00:00,270.37
2019-11-25 18:00:00,270.61
2019-11-25 19:00:00,270.98
2019-11-25 20:00:00,271.02
2019-11-25 21:00:00,270.98
2019-11-25 22:00:00,270.97
2019-11-25 23:00:00,270.97
2019-11-26 00:00:00,271.25
2019-11-26 01:00:00,271.34
2019-11-26 02:00:00,271.79
2019-11-26 03:00:00,271.75
2019-11-26 04:00:00,271.62
2019-11-26 05:00:00,271.48
2019-11-26 06:00:00,271.14
2019-11-26 07:00:00,270.77
2019-11-26 08:00:00,270.73
2019-11-26 09:00:00,270.89
2019-11-26 10:00:00,270.97
2019-11-26 11:00:00,270.64
2019-11-26 12:00:00,270.39
2019-11-26 13:00:00,271.26
2019-11-26 15:00:00,271.65
2019-11-26 16:00:00,271.6
2019-11-26 17:00:00,271.36
2019-11-26 18:00:00,271.32
2019-11-26 19:00:00,271.29
2019-11-26 20:00:00,271.29
2019-11-26 21:00:00,270.6
2019-11-26 22:00:00,269.59
2019-11-26 23:00:00,268.57
2019-11-27 00:00:00,267.12
2019-11-27 01:00:00,265.53
2019-11-27 02:00:00,264.4
2019-11-27 03:00:00,262.98
2019-11-27 04:00:00,262.44
2019-11-27 05:00:00,261.77
2019-11-27 06:00:00,261.27
2019-11-27 07:00:00,260.62
2019-11-27 08:00:00,260.47
2019-11-27 09:00:00,261.12
2019-11-27 10:00:00,262.6
2019-11-27 11:00:00,263.5
2019-11-27 12:00:00,264.4
2019-11-27 13:00:00,265.23
2019-11-27 14:00:00,266.06
2019-11-27 15:00:00,266.17
2019-11-27 16:00:00,266.01
2019-11-27 17:00:00,264.93
2019-11-27 18:00:00,264.26
2019-11-27 19:00:00,263.8
2019-11-27 20:00:00,263.33
2019-11-27 21:00:00,263.47
2019-11-27 22:00:00,263.55
2019-11-27 23:00:00,263.83
2019-11-28 00:00:00,264.18
2019-11-28 01:00:00,264.21
2019-11-28 02:00:00,264.75
2019-11-28 03:00:00,264.94
2019-11-28 04:00:00,265.07
2019-11-28 05:00:00,265.25
2019-11-28 06:00:00,264.84
2019-11-28 07:00:00,265.03
2019-11-28 08:00:00,265.28
2019-11-28 09:00:00,267.05
2019-11-28 10:00:00,268.83
2019-11-28 11:00:00,270.43
2019-11-28 12:00:00,272.28
2019-11-28 13:00:00,273.82
2019-11-28 14:00:00,275.34
2019-11-28 15:00:00,276.01
2019-11-28 16:00:00,275.25
2019-11-28 17:00:00,273.84
2019-11-28 18:00:00,272.17
2019-11-28 19:00:00,270.99
2019-11-28 20:00:00,270.23
2019-11-28 21:00:00,269.63
2019-11-28 22:00:00,269.59
2019-11-28 23:00:00,269.52
2019-11-29 00:00:00,269.69
2019-11-29 01:00:00,269.84
2019-11-29 02:00:00,269.7
2019-11-29 03:00:00,269.73
2019-11-29 04:00:00,269.51
2019-11-29 05:00:00,269.29
2019-11-29 06:00:00,269.29
2019-11-29 07:00:00,269.56
2019-11-29 08:00:00,269.6
2019-11-29 09:00:00,270.12
2019-11-29 10:00:00,270.96
2019-11-29 11:00:00,271.43
2019-11-29 12:00:00,273.12
2019-11-29 13:00:00,273.26
2019-11-29 14:00:00,274.36
2019-11-29 15:00:00,274.33
2019-11-29 16:00:00,273.67
2019-11-29 17:00:00,272.98
2019-11-29 18:00:00,272.48
2019-11-29 19:00:00,272.56
2019-11-29 20:00:00,272.93
2019-11-29 21:00:00,273.13
2019-11-29 23:00:00,273.92
2019-11-30 00:00:00,273.92
2019-11-30 01:00:00,270.47
2019-11-30 02:00:00,270.47
2019-11-30 03:00:00,270.47
2019-11-30 04:00:00,270.47
2019-11-30 05:00:00,270.47
2019-11-30 06:00:00,270.47
2019-11-30 07:00:00,271.22
2019-11-30 08:00:00,271.22
2019-11-30 09:00:00,271.22
2019-11-30 10:00:00,271.22
2019-11-30 11:00:00,271.22
2019-11-30 13:00:00,276.53
2019-11-30 14:00:00,276.41
2019-11-30 15:00:00,275.76
2019-11-30 16:00:00,275.24
2019-11-30 17:00:00,274.48
2019-11-30 18:00:00,273.88
2019-11-30 19:00:00,273.45
2019-11-30 20:00:00,272.8
2019-11-30 21:00:00,272.38
2019-11-30 22:00:00,272.33
2019-11-30 23:00:00,272.14
2019-12-01 00:00:00,272.0
2019-12-01 01:00:00,272.13
2019-12-01 02:00:00,271.81
2019-12-01 03:00:00,271.63
2019-12-01 04:00:00,271.54
2019-12-01 05:00:00,271.68
2019-12-01 06:00:00,272.23
2019-12-01 07:00:00,272.53
2019-12-01 08:00:00,273.09
2019-12-01 08:00:00,273.09
2019-12-01 09:00:00,273.42
2019-12-01 09:00:00,273.42
2019-12-01 10:00:00,273.79
2019-12-01 10:00:00,273.79
2019-12-01 11:00:00,274.06
2019-12-01 11:00:00,274.06
2019-12-01 12:00:00,274.38
2019-12-01 12:00:00,274.38
2019-12-01 13:00:00,274.57
2019-12-01 13:00:00,274.57
2019-12-01 14:00:00,274.84
2019-12-01 14:00:00,274.84
2019-12-01 15:00:00,274.72
2019-12-01 15:00:00,274.72
2019-12-01 16:00:00,274.56
2019-12-01 16:00:00,274.56
2019-12-01 17:00:00,274.56
2019-12-01 18:00:00,274.38
2019-12-01 18:00:00,274.38
2019-12-01 19:00:00,274.04
2019-12-01 19:00:00,274.04
2019-12-01 20:00:00,273.86
2019-12-01 20:00:00,273.86
2019-12-01 21:00:00,273.86
2019-12-01 22:00:00,273.86
2019-12-01 23:00:00,274.0
2019-12-02 00:00:00,274.01
2019-12-02 01:00:00,274.52
2019-12-02 02:00:00,274.8
2019-12-02 03:00:00,275.18
2019-12-02 04:00:00,275.59
2019-12-02 05:00:00,275.91
2019-12-02 06:00:00,275.73
2019-12-02 07:00:00,275.86
2019-12-02 08:00:00,276.24
2019-12-02 10:00:00,277.86
2019-12-02 11:00:00,277.86
2019-12-02 12:00:00,279.43
2019-12-02 13:00:00,279.85
2019-12-02 13:00:00,279.85
2019-12-02 14:00:00,280.55
2019-12-02 14:00:00,280.55
2019-12-02 15:00:00,280.8
2019-12-02 15:00:00,280.8
2019-12-02 16:00:00,280.8
2019-12-02 16:00:00,280.8
2019-12-02 17:00:00,280.65
2019-12-02 17:00:00,280.65
2019-12-02 18:00:00,279.0
2019-12-02 18:00:00,279.0
2019-12-02 19:00:00,277.24
2019-12-02 20:00:00,276.8
2019-12-02 21:00:00,276.38
2019-12-02 22:00:00,276.55
2019-12-02 23:00:00,276.01
2019-12-02 23:00:00,276.01
2019-12-03 00:00:00,274.55
2019-12-03 00:00:00,274.55
2019-12-03 01:00:00,273.38
2019-12-03 01:00:00,273.38
2019-12-03 02:00:00,272.68
2019-12-03 02:00:00,272.68
2019-12-03 03:00:00,272.45
2019-12-03 03:00:00,272.45
2019-12-03 04:00:00,271.65
2019-12-03 04:00:00,271.65
2019-12-03 05:00:00,271.25
2019-12-03 06:00:00,271.06
2019-12-03 07:00:00,271.48
2019-12-03 08:00:00,271.33
2019-12-03 08:00:00,271.33
2019-12-03 09:00:00,271.94
2019-12-03 09:00:00,271.94
2019-12-03 10:00:00,273.36
2019-12-03 10:00:00,273.36
2019-12-03 11:00:00,274.34
2019-12-03 11:00:00,274.34
2019-12-03 12:00:00,274.89
2019-12-03 12:00:00,274.89
2019-12-03 13:00:00,275.01
2019-12-03 13:00:00,275.01
2019-12-03 14:00:00,276.07
2019-12-03 15:00:00,276.06
2019-12-03 16:00:00,275.85
2019-12-03 17:00:00,275.78
2019-12-03 18:00:00,275.83
2019-12-03 19:00:00,276.06
2019-12-03 20:00:00,276.44
2019-12-03 21:00:00,277.14
2019-12-03 22:00:00,277.33
2019-12-03 23:00:00,277.41
2019-12-04 00:00:00,277.83
2019-12-04 01:00:00,278.49
2019-12-04 02:00:00,279.15
2019-12-04 03:00:00,279.82
2019-12-04 04:00:00,280.51
2019-12-04 05:00:00,281.03
2019-12-04 07:00:00,282.45
2019-12-04 08:00:00,283.32
2019-12-04 09:00:00,283.74
2019-12-04 09:00:00,283.74
2019-12-04 10:00:00,284.35
2019-12-04 10:00:00,284.35
2019-12-04 11:00:00,284.95
2019-12-04 11:00:00,284.95
2019-12-04 11:00:00,284.95
2019-12-04 12:00:00,285.11
2019-12-04 13:00:00,285.0
2019-12-04 14:00:00,284.74
2019-12-04 15:00:00,284.6
2019-12-04 16:00:00,283.7
2019-12-04 17:00:00,281.44
2019-12-04 18:00:00,280.78
2019-12-04 19:00:00,279.48
2019-12-04 20:00:00,279.19
2019-12-04 21:00:00,278.97
2019-12-04 22:00:00,279.14
2019-12-04 23:00:00,278.98
2019-12-05 01:00:00,278.44
2019-12-05 02:00:00,277.08
2019-12-05 03:00:00,276.05
2019-12-05 04:00:00,274.88
2019-12-05 05:00:00,273.75
2019-12-05 06:00:00,272.42
2019-12-05 07:00:00,271.56
2019-12-05 08:00:00,270.85
2019-12-05 09:00:00,271.19
2019-12-05 10:00:00,271.25
2019-12-05 11:00:00,272.11
2019-12-05 12:00:00,272.82
2019-12-05 13:00:00,272.92
2019-12-05 14:00:00,272.86
2019-12-05 15:00:00,272.51
2019-12-05 16:00:00,271.39
2019-12-05 17:00:00,270.08
2019-12-05 18:00:00,269.27
2019-12-05 19:00:00,268.62
2019-12-05 20:00:00,267.8
2019-12-05 21:00:00,267.34
2019-12-05 22:00:00,267.41
2019-12-05 23:00:00,267.04
2019-12-06 00:00:00,266.24
2019-12-06 01:00:00,266.08
2019-12-06 02:00:00,265.62
2019-12-06 03:00:00,265.22
2019-12-06 04:00:00,265.26
2019-12-06 05:00:00,265.26
2019-12-06 06:00:00,265.53
2019-12-06 07:00:00,265.58
2019-12-06 08:00:00,265.98
2019-12-06 09:00:00,267.26
2019-12-06 10:00:00,269.34
2019-12-06 11:00:00,270.72
2019-12-06 12:00:00,272.35
2019-12-06 13:00:00,273.73
2019-12-06 14:00:00,274.13
2019-12-06 15:00:00,274.79
2019-12-06 16:00:00,274.96
2019-12-06 17:00:00,275.13
2019-12-06 18:00:00,275.58
2019-12-06 19:00:00,275.75
2019-12-06 20:00:00,276.37
2019-12-06 21:00:00,276.66
2019-12-06 22:00:00,276.78
2019-12-06 23:00:00,277.52
2019-12-07 00:00:00,277.85
2019-12-07 01:00:00,278.47
2019-12-07 02:00:00,279.16
2019-12-07 03:00:00,279.61
2019-12-07 04:00:00,280.07
2019-12-07 05:00:00,280.44
2019-12-07 06:00:00,280.17
2019-12-07 06:00:00,280.17
2019-12-07 08:00:00,279.21
2019-12-07 09:00:00,278.93
2019-12-07 10:00:00,278.85
2019-12-07 11:00:00,278.64
2019-12-07 12:00:00,278.98
2019-12-07 13:00:00,278.49
2019-12-07 14:00:00,278.68
2019-12-07 15:00:00,278.39
2019-12-07 16:00:00,277.54
2019-12-07 17:00:00,276.58
2019-12-07 18:00:00,275.9
2019-12-07 19:00:00,274.77
2019-12-07 20:00:00,274.03
2019-12-07 21:00:00,272.49
2019-12-07 22:00:00,271.3
2019-12-07 23:00:00,270.09
2019-12-08 00:00:00,269.47
2019-12-08 01:00:00,269.28
2019-12-08 02:00:00,269.11
2019-12-08 03:00:00,268.89
2019-12-08 04:00:00,268.65
2019-12-08 05:00:00,268.32
2019-12-08 06:00:00,267.92
2019-12-08 07:00:00,268.12
2019-12-08 08:00:00,267.58
2019-12-08 09:00:00,269.74
2019-12-08 10:00:00,270.85
2019-12-08 11:00:00,271.65
2019-12-08 12:00:00,272.08
2019-12-08 13:00:00,272.3
2019-12-08 14:00:00,272.02
2019-12-08 15:00:00,271.51
2019-12-08 15:00:00,271.51
2019-12-08 16:00:00,271.39
2019-12-08 16:00:00,271.39
2019-12-08 17:00:00,271.11
2019-12-08 17:00:00,271.11
2019-12-08 19:00:00,271.1
2019-12-08 20:00:00,271.1
2019-12-08 21:00:00,271.1
2019-12-08 22:00:00,271.1
2019-12-08 23:00:00,271.1
2019-12-09 01:00:00,269.93
2019-12-09 02:00:00,269.93
2019-12-09 03:00:00,269.93
2019-12-09 04:00:00,269.93
2019-12-09 05:00:00,269.93
2019-12-09 06:00:00,269.93
2019-12-09 07:00:00,269.71
2019-12-09 08:00:00,269.71
2019-12-09 09:00:00,269.71
2019-12-09 10:00:00,269.71
2019-12-09 11:00:00,269.71
2019-12-09 12:00:00,269.71
2019-12-09 13:00:00,273.62
2019-12-09 14:00:00,273.62
2019-12-09 15:00:00,273.02
2019-12-09 16:00:00,272.55
2019-12-09 17:00:00,271.98
2019-12-09 18:00:00,271.87
2019-12-09 19:00:00,271.92
2019-12-09 20:00:00,272.14
2019-12-09 21:00:00,272.12
2019-12-09 22:00:00,272.35
2019-12-09 23:00:00,272.93
2019-12-10 00:00:00,272.82
2019-12-10 01:00:00,272.24
2019-12-10 01:00:00,272.24
2019-12-10 01:00:00,272.24
2019-12-10 02:00:00,272.01
2019-12-10 02:00:00,272.01
2019-12-10 02:00:00,272.01
2019-12-10 03:00:00,272.01
2019-12-10 03:00:00,272.01
2019-12-10 03:00:00,272.01
2019-12-10 04:00:00,271.95
2019-12-10 04:00:00,271.95
2019-12-10 04:00:00,271.95
2019-12-10 05:00:00,272.07
2019-12-10 05:00:00,272.07
2019-12-10 06:00:00,272.18
2019-12-10 06:00:00,272.18
2019-12-10 07:00:00,272.35
2019-12-10 07:00:00,272.35
2019-12-10 08:00:00,272.35
2019-12-10 08:00:00,272.35
2019-12-10 08:00:00,272.35
2019-12-10 08:00:00,272.35
2019-12-10 09:00:00,272.35
2019-12-10 09:00:00,272.35
2019-12-10 09:00:00,272.35
2019-12-10 09:00:00,272.35
2019-12-10 10:00:00,272.52
2019-12-10 10:00:00,272.52
2019-12-10 10:00:00,272.52
2019-12-10 10:00:00,272.52
2019-12-10 11:00:00,272.41
2019-12-10 11:00:00,272.41
2019-12-10 11:00:00,272.41
2019-12-10 12:00:00,272.41
2019-12-10 12:00:00,272.41
2019-12-10 12:00:00,272.41
2019-12-10 13:00:00,272.41
2019-12-10 13:00:00,272.41
2019-12-10 13:00:00,272.41
2019-12-10 14:00:00,272.12
2019-12-10 14:00:00,272.12
2019-12-10 14:00:00,272.12
2019-12-10 15:00:00,272.07
2019-12-10 15:00:00,272.07
2019-12-10 15:00:00,272.07
2019-12-10 16:00:00,271.89
2019-12-10 16:00:00,271.89
2019-12-10 16:00:00,271.89
2019-12-10 17:00:00,271.74
2019-12-10 17:00:00,271.74
2019-12-10 17:00:00,271.74
2019-12-10 17:00:00,271.74
2019-12-10 18:00:00,271.4
2019-12-10 18:00:00,271.4
2019-12-10 19:00:00,270.91
2019-12-10 19:00:00,270.91
2019-12-10 19:00:00,270.91
2019-12-10 20:00:00,270.81
2019-12-10 20:00:00,270.81
2019-12-10 20:00:00,270.81
2019-12-10 21:00:00,269.78
2019-12-10 21:00:00,269.78
2019-12-10 22:00:00,268.41
2019-12-10 22:00:00,268.41
2019-12-10 23:00:00,266.76
2019-12-10 23:00:00,266.76
2019-12-11 00:00:00,265.17
2019-12-11 00:00:00,265.17
2019-12-11 01:00:00,264.04
2019-12-11 02:00:00,263.58
2019-12-11 03:00:00,263.07
2019-12-11 04:00:00,262.31
2019-12-11 04:00:00,262.31
2019-12-11 05:00:00,261.68
2019-12-11 06:00:00,261.45
2019-12-11 07:00:00,261.18
2019-12-11 08:00:00,260.75
2019-12-11 09:00:00,260.77
2019-12-11 10:00:00,260.81
2019-12-11 11:00:00,260.85
2019-12-11 12:00:00,261.0
2019-12-11 13:00:00,261.99
2019-12-11 14:00:00,262.23
2019-12-11 15:00:00,261.58
2019-12-11 16:00:00,260.25
2019-12-11 17:00:00,259.04
2019-12-11 18:00:00,257.81
2019-12-11 19:00:00,257.01
2019-12-11 20:00:00,255.94
2019-12-11 21:00:00,256.23
2019-12-11 22:00:00,256.06
2019-12-11 23:00:00,256.73
2019-12-12 00:00:00,257.71
2019-12-12 00:00:00,257.71
2019-12-12 01:00:00,258.71
2019-12-12 02:00:00,259.76
2019-12-12 03:00:00,260.13
2019-12-12 03:00:00,260.13
2019-12-12 04:00:00,260.39
2019-12-12 04:00:00,260.39
2019-12-12 05:00:00,260.57
2019-12-12 06:00:00,260.71
2019-12-12 07:00:00,260.64
2019-12-12 07:00:00,260.64
2019-12-12 08:00:00,260.42
2019-12-12 08:00:00,260.42
2019-12-12 09:00:00,261.16
2019-12-12 10:00:00,262.17
2019-12-12 11:00:00,262.9
2019-12-12 13:00:00,268.75
2019-12-12 14:00:00,268.75
2019-12-12 15:00:00,265.93
2019-12-12 16:00:00,264.82
2019-12-12 17:00:00,263.96
2019-12-12 18:00:00,263.59
2019-12-12 19:00:00,262.79
2019-12-12 20:00:00,261.11
2019-12-12 21:00:00,261.3
2019-12-12 21:00:00,261.3
2019-12-12 22:00:00,259.06
2019-12-12 23:00:00,258.94
2019-12-13 00:00:00,259.58
2019-12-13 00:00:00,259.58
2019-12-13 01:00:00,259.11
2019-12-13 02:00:00,260.43
2019-12-13 03:00:00,261.58
2019-12-13 04:00:00,262.9
2019-12-13 05:00:00,264.28
2019-12-13 06:00:00,265.22
2019-12-13 07:00:00,266.42
2019-12-13 08:00:00,267.86
2019-12-13 09:00:00,269.47
2019-12-13 10:00:00,271.36
2019-12-13 11:00:00,273.17
2019-12-13 12:00:00,274.99
2019-12-13 13:00:00,275.95
2019-12-13 14:00:00,276.46
2019-12-13 15:00:00,276.7
2019-12-13 16:00:00,276.12
2019-12-13 17:00:00,275.37
2019-12-13 18:00:00,274.66
2019-12-13 19:00:00,274.9
2019-12-13 20:00:00,275.56
2019-12-13 21:00:00,275.95
2019-12-13 22:00:00,276.06
2019-12-13 23:00:00,275.53
2019-12-14 00:00:00,275.35
2019-12-14 01:00:00,275.5
2019-12-14 02:00:00,275.22
2019-12-14 03:00:00,274.99
2019-12-14 04:00:00,274.3
2019-12-14 05:00:00,273.05
2019-12-14 06:00:00,271.71
2019-12-14 07:00:00,271.1
2019-12-14 08:00:00,269.84
2019-12-14 09:00:00,269.47
2019-12-14 10:00:00,270.77
2019-12-14 11:00:00,271.92
2019-12-14 12:00:00,273.04
2019-12-14 13:00:00,274.04
2019-12-14 14:00:00,274.31
2019-12-14 15:00:00,274.16
2019-12-14 16:00:00,272.81
2019-12-14 17:00:00,271.25
2019-12-14 18:00:00,270.27
2019-12-14 19:00:00,268.66
2019-12-14 19:00:00,268.66
2019-12-14 20:00:00,267.93
2019-12-14 20:00:00,267.93
2019-12-14 21:00:00,267.13
2019-12-14 22:00:00,266.93
2019-12-14 23:00:00,266.6
2019-12-15 00:00:00,265.48
2019-12-15 01:00:00,265.41
2019-12-15 02:00:00,265.29
2019-12-15 03:00:00,264.73
2019-12-15 04:00:00,264.56
2019-12-15 05:00:00,264.88
2019-12-15 06:00:00,264.25
2019-12-15 07:00:00,264.65
2019-12-15 08:00:00,265.53
2019-12-15 09:00:00,266.5
2019-12-15 10:00:00,268.61
2019-12-15 10:00:00,268.61
2019-12-15 11:00:00,270.29
2019-12-15 12:00:00,272.37
2019-12-15 12:00:00,272.37
2019-12-15 13:00:00,273.72
2019-12-15 14:00:00,274.45
2019-12-15 15:00:00,274.42
2019-12-15 16:00:00,274.08
2019-12-15 17:00:00,273.42
2019-12-15 19:00:00,273.34
2019-12-15 20:00:00,273.81
2019-12-15 21:00:00,274.18
2019-12-15 22:00:00,274.84
2019-12-15 23:00:00,275.85
2019-12-16 00:00:00,276.06
2019-12-16 01:00:00,276.25
2019-12-16 02:00:00,276.28
2019-12-16 03:00:00,275.71
2019-12-16 03:00:00,275.71
2019-12-16 03:00:00,275.71
2019-12-16 03:00:00,275.71
2019-12-16 04:00:00,275.34
2019-12-16 04:00:00,275.34
2019-12-16 04:00:00,275.34
2019-12-16 04:00:00,275.34
2019-12-16 05:00:00,275.16
2019-12-16 05:00:00,275.16
2019-12-16 05:00:00,275.16
2019-12-16 06:00:00,274.98
2019-12-16 06:00:00,274.98
2019-12-16 06:00:00,274.98
2019-12-16 07:00:00,274.89
2019-12-16 07:00:00,274.89
2019-12-16 07:00:00,274.89
2019-12-16 07:00:00,274.89
2019-12-16 08:00:00,274.94
2019-12-16 08:00:00,274.94
2019-12-16 08:00:00,274.94
2019-12-16 08:00:00,274.94
2019-12-16 09:00:00,275.03
2019-12-16 09:00:00,275.03
2019-12-16 09:00:00,275.03
2019-12-16 09:00:00,275.03
2019-12-16 09:00:00,275.03
2019-12-16 10:00:00,275.26
2019-12-16 10:00:00,275.26
2019-12-16 10:00:00,275.26
2019-12-16 10:00:00,275.26
2019-12-16 11:00:00,275.49
2019-12-16 11:00:00,275.49
2019-12-16 11:00:00,275.49
2019-12-16 12:00:00,275.49
2019-12-16 12:00:00,275.49
2019-12-16 12:00:00,275.49
2019-12-16 13:00:00,275.34
2019-12-16 13:00:00,275.34
2019-12-16 13:00:00,275.34
2019-12-16 14:00:00,275.44
2019-12-16 14:00:00,275.44
2019-12-16 14:00:00,275.44
2019-12-16 14:00:00,275.44
2019-12-16 15:00:00,275.17
2019-12-16 15:00:00,275.17
2019-12-16 15:00:00,275.17
2019-12-16 16:00:00,275.22
2019-12-16 16:00:00,275.22
2019-12-16 16:00:00,275.22
2019-12-16 16:00:00,275.22
2019-12-16 17:00:00,274.98
2019-12-16 17:00:00,274.98
2019-12-16 17:00:00,274.98
2019-12-16 17:00:00,274.98
2019-12-16 18:00:00,274.85
2019-12-16 18:00:00,274.85
2019-12-16 18:00:00,274.85
2019-12-16 18:00:00,274.85
2019-12-16 19:00:00,274.52
2019-12-16 19:00:00,274.52
2019-12-16 19:00:00,274.52
2019-12-16 19:00:00,274.52
2019-12-16 19:00:00,274.52
2019-12-16 20:00:00,274.33
2019-12-16 20:00:00,274.33
2019-12-16 20:00:00,274.33
2019-12-16 21:00:00,274.09
2019-12-16 21:00:00,274.09
2019-12-16 21:00:00,274.09
2019-12-16 21:00:00,274.09
2019-12-16 21:00:00,274.09
2019-12-16 22:00:00,273.67
2019-12-16 22:00:00,273.67
2019-12-16 22:00:00,273.67
2019-12-16 23:00:00,273.57
2019-12-16 23:00:00,273.57
2019-12-16 23:00:00,273.57
2019-12-17 00:00:00,273.85
2019-12-17 00:00:00,273.85
2019-12-17 00:00:00,273.85
2019-12-17 01:00:00,273.98
2019-12-17 01:00:00,273.98
2019-12-17 02:00:00,274.07
2019-12-17 03:00:00,274.08
2019-12-17 04:00:00,274.23
2019-12-17 05:00:00,273.7
2019-12-17 06:00:00,272.89
2019-12-17 07:00:00,271.84
2019-12-17 08:00:00,271.07
2019-12-17 09:00:00,269.74
2019-12-17 10:00:00,268.89
2019-12-17 11:00:00,268.15
2019-12-17 12:00:00,267.68
2019-12-17 13:00:00,267.34
2019-12-17 14:00:00,266.9
2019-12-17 15:00:00,266.39
2019-12-17 16:00:00,266.19
2019-12-17 17:00:00,266.14
2019-12-17 18:00:00,266.5
2019-12-17 19:00:00,266.65
2019-12-17 20:00:00,266.65
2019-12-17 21:00:00,266.69
2019-12-17 22:00:00,266.69
2019-12-17 23:00:00,266.79
2019-12-18 00:00:00,266.92
2019-12-18 01:00:00,266.89
2019-12-18 02:00:00,266.99
2019-12-18 03:00:00,266.99
2019-12-18 04:00:00,266.9
2019-12-18 05:00:00,266.9
2019-12-18 06:00:00,266.7
2019-12-18 07:00:00,266.7
2019-12-18 08:00:00,266.76
2019-12-18 09:00:00,266.94
2019-12-18 09:00:00,266.94
2019-12-18 10:00:00,267.14
2019-12-18 11:00:00,267.46
2019-12-18 11:00:00,267.46
2019-12-18 12:00:00,267.8
2019-12-18 13:00:00,268.08
2019-12-18 13:00:00,268.08
2019-12-18 14:00:00,268.14
2019-12-18 14:00:00,268.14
2019-12-18 15:00:00,268.37
2019-12-18 15:00:00,268.37
2019-12-18 16:00:00,268.32
2019-12-18 16:00:00,268.32
2019-12-18 17:00:00,268.17
2019-12-18 17:00:00,268.17
2019-12-18 18:00:00,268.22
2019-12-18 18:00:00,268.22
2019-12-18 19:00:00,268.36
2019-12-18 19:00:00,268.36
2019-12-18 20:00:00,268.26
2019-12-18 21:00:00,268.26
2019-12-18 21:00:00,268.26
2019-12-18 22:00:00,268.26
2019-12-18 22:00:00,268.26
2019-12-18 23:00:00,268.36
2019-12-18 23:00:00,268.36
2019-12-19 00:00:00,268.39
2019-12-19 00:00:00,268.39
2019-12-19 01:00:00,268.3
2019-12-19 01:00:00,268.3
2019-12-19 02:00:00,268.35
2019-12-19 02:00:00,268.35
2019-12-19 03:00:00,268.15
2019-12-19 03:00:00,268.15
2019-12-19 04:00:00,268.12
2019-12-19 04:00:00,268.12
2019-12-19 05:00:00,268.26
2019-12-19 06:00:00,268.25
2019-12-19 07:00:00,268.22
2019-12-19 08:00:00,268.02
2019-12-19 09:00:00,267.89
2019-12-19 09:00:00,267.89
2019-12-19 09:00:00,267.89
2019-12-19 10:00:00,268.08
2019-12-19 10:00:00,268.08
2019-12-19 11:00:00,268.55
2019-12-19 12:00:00,268.88
2019-12-19 13:00:00,269.25
2019-12-19 13:00:00,269.25
2019-12-19 14:00:00,269.13
2019-12-19 14:00:00,269.13
2019-12-19 15:00:00,269.2
2019-12-19 15:00:00,269.2
2019-12-19 16:00:00,269.2
2019-12-19 16:00:00,269.2
2019-12-19 17:00:00,269.21
2019-12-19 17:00:00,269.21
2019-12-19 18:00:00,269.16
2019-12-19 18:00:00,269.16
2019-12-19 19:00:00,269.21
2019-12-19 19:00:00,269.21
2019-12-19 20:00:00,269.35
2019-12-19 20:00:00,269.35
2019-12-19 21:00:00,269.58
2019-12-19 21:00:00,269.58
2019-12-19 21:00:00,269.58
2019-12-19 22:00:00,269.95
2019-12-19 22:00:00,269.95
2019-12-19 23:00:00,270.09
2019-12-19 23:00:00,270.09
2019-12-20 00:00:00,270.56
2019-12-20 01:00:00,271.06
2019-12-20 02:00:00,271.44
2019-12-20 03:00:00,271.57
2019-12-20 04:00:00,271.43
2019-12-20 05:00:00,271.34
2019-12-20 06:00:00,270.61
2019-12-20 07:00:00,270.28
2019-12-20 08:00:00,270.17
2019-12-20 08:00:00,270.17
2019-12-20 09:00:00,269.74
2019-12-20 09:00:00,269.74
2019-12-20 10:00:00,270.01
2019-12-20 11:00:00,270.62
2019-12-20 11:00:00,270.62
2019-12-20 12:00:00,271.41
2019-12-20 13:00:00,273.0
2019-12-20 15:00:00,272.43
2019-12-20 16:00:00,271.6
2019-12-20 17:00:00,271.09
2019-12-20 18:00:00,270.9
2019-12-20 19:00:00,270.72
2019-12-20 20:00:00,270.89
2019-12-20 21:00:00,270.52
2019-12-20 21:00:00,270.52
2019-12-20 22:00:00,269.79
2019-12-20 22:00:00,269.79
2019-12-20 23:00:00,269.49
2019-12-21 00:00:00,268.92
2019-12-21 01:00:00,268.41
2019-12-21 01:00:00,268.41
2019-12-21 02:00:00,267.99
2019-12-21 02:00:00,267.99
2019-12-21 03:00:00,267.65
2019-12-21 03:00:00,267.65
2019-12-21 04:00:00,267.56
2019-12-21 04:00:00,267.56
2019-12-21 04:00:00,267.56
2019-12-21 05:00:00,267.56
2019-12-21 05:00:00,267.56
2019-12-21 05:00:00,267.56
2019-12-21 06:00:00,267.33
2019-12-21 06:00:00,267.33
2019-12-21 07:00:00,267.31
2019-12-21 07:00:00,267.31
2019-12-21 08:00:00,267.45
2019-12-21 08:00:00,267.45
2019-12-21 08:00:00,267.45
2019-12-21 09:00:00,267.87
2019-12-21 09:00:00,267.87
2019-12-21 10:00:00,268.39
2019-12-21 10:00:00,268.39
2019-12-21 10:00:00,268.39
2019-12-21 11:00:00,268.82
2019-12-21 13:00:00,269.6
2019-12-21 14:00:00,269.38
2019-12-21 15:00:00,268.88
2019-12-21 16:00:00,268.03
2019-12-21 17:00:00,266.72
2019-12-21 18:00:00,265.93
2019-12-21 19:00:00,265.51
2019-12-21 20:00:00,264.53
2019-12-21 21:00:00,263.41
2019-12-21 22:00:00,262.59
2019-12-21 23:00:00,262.15
2019-12-22 00:00:00,261.72
2019-12-22 01:00:00,261.17
2019-12-22 02:00:00,260.86
2019-12-22 03:00:00,260.44
2019-12-22 04:00:00,260.19
2019-12-22 05:00:00,259.74
2019-12-22 06:00:00,259.47
2019-12-22 07:00:00,259.03
2019-12-22 08:00:00,259.03
2019-12-22 09:00:00,259.7
2019-12-22 10:00:00,261.21
2019-12-22 11:00:00,262.57
2019-12-22 12:00:00,263.75
2019-12-22 13:00:00,264.69
2019-12-22 14:00:00,265.51
2019-12-22 15:00:00,265.33
2019-12-22 16:00:00,264.82
2019-12-22 17:00:00,263.43
2019-12-22 18:00:00,262.44
2019-12-22 19:00:00,261.62
2019-12-22 20:00:00,261.31
2019-12-22 21:00:00,260.44
2019-12-22 22:00:00,260.69
2019-12-22 23:00:00,260.4
2019-12-23 00:00:00,259.94
2019-12-23 01:00:00,259.69
2019-12-23 02:00:00,259.65
2019-12-23 04:00:00,260.24
2019-12-23 05:00:00,260.74
2019-12-23 06:00:00,261.5
2019-12-23 07:00:00,261.4
2019-12-23 08:00:00,261.57
2019-12-23 09:00:00,262.99
2019-12-23 10:00:00,265.29
2019-12-23 11:00:00,266.89
2019-12-23 12:00:00,268.2
2019-12-23 13:00:00,269.17
2019-12-23 14:00:00,269.53
2019-12-23 15:00:00,269.42
2019-12-23 16:00:00,268.86
2019-12-23 17:00:00,267.86
2019-12-23 18:00:00,266.61
2019-12-23 19:00:00,265.76
2019-12-23 20:00:00,265.15
2019-12-23 21:00:00,265.33
2019-12-23 22:00:00,265.03
2019-12-23 23:00:00,265.09
2019-12-24 00:00:00,264.77
2019-12-24 01:00:00,264.46
2019-12-24 02:00:00,263.76
2019-12-24 03:00:00,262.6
2019-12-24 04:00:00,261.78
2019-12-24 05:00:00,261.31
2019-12-24 06:00:00,260.84
2019-12-24 07:00:00,260.5
2019-12-24 08:00:00,260.01
2019-12-24 09:00:00,260.84
2019-12-24 10:00:00,262.0
2019-12-24 11:00:00,262.38
2019-12-24 12:00:00,263.87
2019-12-24 13:00:00,264.61
2019-12-24 14:00:00,265.41
2019-12-24 15:00:00,265.47
2019-12-24 16:00:00,265.46
2019-12-24 17:00:00,264.76
2019-12-24 18:00:00,264.15
2019-12-24 19:00:00,263.81
2019-12-24 20:00:00,263.32
2019-12-24 21:00:00,263.53
2019-12-24 22:00:00,263.78
2019-12-24 23:00:00,264.12
2019-12-25 00:00:00,264.4
2019-12-25 01:00:00,264.52
2019-12-25 02:00:00,264.42
2019-12-25 03:00:00,264.31
2019-12-25 04:00:00,264.31
2019-12-25 05:00:00,263.91
2019-12-25 06:00:00,263.69
2019-12-25 07:00:00,263.45
2019-12-25 07:00:00,263.45
2019-12-25 08:00:00,263.34
2019-12-25 09:00:00,263.2
2019-12-25 10:00:00,263.26
2019-12-25 11:00:00,264.03
2019-12-25 12:00:00,264.21
2019-12-25 13:00:00,264.12
2019-12-25 14:00:00,264.11
2019-12-25 15:00:00,263.75
2019-12-25 16:00:00,263.25
2019-12-25 17:00:00,260.79
2019-12-25 18:00:00,260.51
2019-12-25 19:00:00,259.68
2019-12-25 20:00:00,259.57
2019-12-25 21:00:00,258.82
2019-12-25 22:00:00,258.45
2019-12-25 23:00:00,258.23
2019-12-26 00:00:00,257.72
2019-12-26 01:00:00,256.97
2019-12-26 02:00:00,256.22
2019-12-26 03:00:00,255.9
2019-12-26 04:00:00,255.5
2019-12-26 05:00:00,254.9
2019-12-26 06:00:00,254.58
2019-12-26 07:00:00,254.35
2019-12-26 08:00:00,253.87
2019-12-26 09:00:00,254.84
2019-12-26 10:00:00,255.85
2019-12-26 11:00:00,256.4
2019-12-26 12:00:00,258.1
2019-12-26 13:00:00,258.93
2019-12-26 14:00:00,259.3
2019-12-26 15:00:00,259.35
2019-12-26 16:00:00,259.97
2019-12-26 17:00:00,258.92
2019-12-26 18:00:00,258.0
2019-12-26 19:00:00,257.95
2019-12-26 20:00:00,257.46
2019-12-26 21:00:00,257.49
2019-12-26 22:00:00,256.9
2019-12-26 23:00:00,256.78
2019-12-27 00:00:00,255.83
2019-12-27 01:00:00,256.27
2019-12-27 02:00:00,256.57
2019-12-27 03:00:00,257.12
2019-12-27 04:00:00,257.32
2019-12-27 05:00:00,257.57
2019-12-27 06:00:00,257.83
2019-12-27 07:00:00,258.29
2019-12-27 08:00:00,258.39
2019-12-27 09:00:00,258.89
2019-12-27 10:00:00,259.1
2019-12-27 11:00:00,260.67
2019-12-27 12:00:00,262.73
2019-12-27 13:00:00,263.81
2019-12-27 14:00:00,264.36
2019-12-27 15:00:00,264.62
2019-12-27 16:00:00,264.17
2019-12-27 17:00:00,262.86
2019-12-27 18:00:00,261.69
2019-12-27 19:00:00,260.96
2019-12-27 20:00:00,260.58
2019-12-27 21:00:00,260.84
2019-12-27 22:00:00,260.79
2019-12-27 23:00:00,259.53
2019-12-28 00:00:00,259.38
2019-12-28 01:00:00,258.28
2019-12-28 02:00:00,258.34
2019-12-28 03:00:00,258.94
2019-12-28 04:00:00,259.06
2019-12-28 05:00:00,259.49
2019-12-28 06:00:00,259.92
2019-12-28 07:00:00,259.95
2019-12-28 08:00:00,259.81
2019-12-28 09:00:00,260.36
2019-12-28 10:00:00,261.91
2019-12-28 11:00:00,263.55
2019-12-28 13:00:00,265.78
2019-12-28 14:00:00,266.14
2019-12-28 15:00:00,265.93
2019-12-28 15:00:00,265.93
2019-12-28 16:00:00,266.16
2019-12-28 16:00:00,266.16
2019-12-28 17:00:00,265.97
2019-12-28 17:00:00,265.97
2019-12-28 18:00:00,265.98
2019-12-28 18:00:00,265.98
2019-12-28 19:00:00,265.92
2019-12-28 19:00:00,265.92
2019-12-28 20:00:00,265.92
2019-12-28 20:00:00,265.92
2019-12-28 21:00:00,265.92
2019-12-28 21:00:00,265.92
2019-12-28 22:00:00,265.82
2019-12-28 22:00:00,265.82
2019-12-28 23:00:00,265.73
2019-12-28 23:00:00,265.73
2019-12-29 00:00:00,265.62
2019-12-29 00:00:00,265.62
2019-12-29 01:00:00,265.56
2019-12-29 01:00:00,265.56
2019-12-29 02:00:00,265.27
2019-12-29 02:00:00,265.27
2019-12-29 03:00:00,265.52
2019-12-29 03:00:00,265.52
2019-12-29 04:00:00,265.62
2019-12-29 04:00:00,265.62
2019-12-29 05:00:00,265.51
2019-12-29 05:00:00,265.51
2019-12-29 06:00:00,265.32
2019-12-29 07:00:00,265.14
2019-12-29 07:00:00,265.14
2019-12-29 08:00:00,265.19
2019-12-29 08:00:00,265.19
2019-12-29 09:00:00,265.51
2019-12-29 09:00:00,265.51
2019-12-29 10:00:00,265.87
2019-12-29 10:00:00,265.87
2019-12-29 11:00:00,266.68
2019-12-29 11:00:00,266.68
2019-12-29 12:00:00,267.81
2019-12-29 13:00:00,268.27
2019-12-29 14:00:00,268.58
2019-12-29 14:00:00,268.58
2019-12-29 15:00:00,268.34
2019-12-29 15:00:00,268.34
2019-12-29 16:00:00,267.87
2019-12-29 16:00:00,267.87
2019-12-29 17:00:00,266.72
2019-12-29 18:00:00,265.6
2019-12-29 19:00:00,264.56
2019-12-29 19:00:00,264.56
2019-12-29 20:00:00,263.63
2019-12-29 20:00:00,263.63
2019-12-29 21:00:00,262.73
2019-12-29 21:00:00,262.73
2019-12-29 22:00:00,263.07
2019-12-29 23:00:00,262.89
2019-12-30 00:00:00,263.44
2019-12-30 01:00:00,264.45
2019-12-30 02:00:00,264.76
2019-12-30 03:00:00,264.99
2019-12-30 04:00:00,264.7
2019-12-30 05:00:00,264.52
2019-12-30 06:00:00,264.32
2019-12-30 08:00:00,262.28
2019-12-30 08:00:00,262.28
2019-12-30 09:00:00,261.01
2019-12-30 10:00:00,262.18
2019-12-30 10:00:00,262.18
2019-12-30 11:00:00,262.87
2019-12-30 11:00:00,262.87
2019-12-30 12:00:00,263.38
2019-12-30 12:00:00,263.38
2019-12-30 13:00:00,264.0
2019-12-30 13:00:00,264.0
2019-12-30 14:00:00,264.19
2019-12-30 15:00:00,263.87
2019-12-30 16:00:00,263.11
2019-12-30 17:00:00,262.31
2019-12-30 18:00:00,260.83
2019-12-30 19:00:00,259.91
2019-12-30 20:00:00,259.01
2019-12-30 21:00:00,258.18
2019-12-30 22:00:00,257.63
2019-12-30 23:00:00,256.69
2019-12-31 01:00:00,258.7
2019-12-31 02:00:00,258.7
2019-12-31 03:00:00,255.57
2019-12-31 04:00:00,255.72
2019-12-31 05:00:00,256.1
2019-12-31 06:00:00,256.05
2019-12-31 06:00:00,256.05
2019-12-31 07:00:00,255.79
2019-12-31 08:00:00,255.91
2019-12-31 08:00:00,255.91
2019-12-31 09:00:00,257.54
2019-12-31 10:00:00,259.77
2019-12-31 11:00:00,262.14
2019-12-31 12:00:00,263.98
2019-12-31 13:00:00,265.56
2019-12-31 14:00:00,266.65
2019-12-31 15:00:00,267.01
2019-12-31 16:00:00,267.21
2019-12-31 17:00:00,266.07
2019-12-31 18:00:00,265.18
2019-12-31 19:00:00,265.69
2019-12-31 20:00:00,266.18
2019-12-31 21:00:00,265.2
2019-12-31 22:00:00,264.58
2019-12-31 23:00:00,264.72
