date_time,traffic_volume
2019-10-02 09:00:00,5545
2019-10-02 10:00:00,4516
2019-10-02 11:00:00,4767
2019-10-02 12:00:00,5026
2019-10-02 13:00:00,4918
2019-10-02 14:00:00,5181
2019-10-02 15:00:00,5584
2019-10-02 16:00:00,6015
2019-10-02 17:00:00,5791
2019-10-02 18:00:00,4770
2019-10-02 19:00:00,3539
2019-10-02 20:00:00,2784
2019-10-02 21:00:00,2361
2019-10-02 22:00:00,1529
2019-10-02 23:00:00,963
2019-10-03 00:00:00,506
2019-10-03 01:00:00,321
2019-10-03 02:00:00,273
2019-10-03 03:00:00,367
2019-10-03 04:00:00,814
2019-10-03 05:00:00,2718
2019-10-03 06:00:00,5673
2019-10-03 08:00:00,6511
2019-10-03 09:00:00,5471
2019-10-03 12:00:00,5097
2019-10-03 13:00:00,4887
2019-10-03 14:00:00,5337
2019-10-03 15:00:00,5692
2019-10-03 16:00:00,6137
2019-10-03 18:00:00,4623
2019-10-03 19:00:00,3591
2019-10-03 20:00:00,2898
2019-10-03 21:00:00,2637
2019-10-03 22:00:00,1777
2019-10-03 23:00:00,1015
2019-10-04 00:00:00,598
2019-10-04 01:00:00,369
2019-10-04 02:00:00,312
2019-10-04 03:00:00,367
2019-10-04 04:00:00,835
2019-10-04 05:00:00,2726
2019-10-04 06:00:00,5689
2019-10-04 07:00:00,6990
2019-10-04 08:00:00,5985
2019-10-04 09:00:00,5309
2019-10-04 10:00:00,4603
2019-10-04 11:00:00,4884
2019-10-04 12:00:00,5104
2019-10-04 13:00:00,5178
2019-10-04 14:00:00,5501
2019-10-04 15:00:00,5713
2019-10-04 16:00:00,6292
2019-10-04 17:00:00,6057
2019-10-04 18:00:00,4907
2019-10-04 19:00:00,3503
2019-10-04 20:00:00,3037
2019-10-04 21:00:00,2822
2019-10-04 22:00:00,1992
2019-10-04 23:00:00,1166
2019-10-05 00:00:00,627
2019-10-05 01:00:00,388
2019-10-05 03:00:00,368
2019-10-05 05:00:00,2489
2019-10-05 06:00:00,5537
2019-10-05 07:00:00,6628
2019-10-05 08:00:00,5534
2019-10-05 09:00:00,5403
2019-10-05 10:00:00,4770
2019-10-05 11:00:00,5217
2019-10-05 12:00:00,5870
2019-10-05 13:00:00,5967
2019-10-05 14:00:00,6108
2019-10-05 15:00:00,6128
2019-10-05 16:00:00,6069
2019-10-05 17:00:00,6169
2019-10-05 18:00:00,5384
2019-10-05 19:00:00,4063
2019-10-05 20:00:00,3364
2019-10-05 21:00:00,2971
2019-10-05 22:00:00,2450
2019-10-05 23:00:00,1832
2019-10-06 00:00:00,1231
2019-10-06 01:00:00,718
2019-10-06 02:00:00,545
2019-10-06 04:00:00,411
2019-10-06 05:00:00,688
2019-10-06 06:00:00,1352
2019-10-06 07:00:00,2072
2019-10-06 08:00:00,3342
2019-10-06 09:00:00,4258
2019-10-06 10:00:00,4861
2019-10-06 11:00:00,5191
2019-10-06 12:00:00,5669
2019-10-06 13:00:00,5074
2019-10-06 14:00:00,5025
2019-10-06 15:00:00,5153
2019-10-06 16:00:00,5024
2019-10-06 17:00:00,4779
2019-10-06 18:00:00,4362
2019-10-06 19:00:00,3860
2019-10-06 20:00:00,3160
2019-10-06 21:00:00,2992
2019-10-06 22:00:00,3202
2019-10-06 23:00:00,1941
2019-10-07 00:00:00,1233
2019-10-07 03:00:00,323
2019-10-07 04:00:00,312
2019-10-07 05:00:00,627
2019-10-07 06:00:00,1508
2019-10-07 07:00:00,1539
2019-10-07 08:00:00,2232
2019-10-07 09:00:00,4568
2019-10-07 10:00:00,4624
2019-10-07 11:00:00,4529
2019-10-07 12:00:00,5139
2019-10-07 13:00:00,6640
2019-10-07 14:00:00,6589
2019-10-07 15:00:00,4429
2019-10-07 16:00:00,4329
2019-10-07 17:00:00,3833
2019-10-07 18:00:00,4015
2019-10-07 19:00:00,3382
2019-10-07 20:00:00,2815
2019-10-07 21:00:00,2110
2019-10-07 22:00:00,1555
2019-10-07 23:00:00,959
2019-10-08 00:00:00,455
2019-10-08 01:00:00,336
2019-10-08 02:00:00,265
2019-10-08 03:00:00,314
2019-10-08 04:00:00,779
2019-10-08 05:00:00,2571
2019-10-08 06:00:00,5563
2019-10-08 07:00:00,6676
2019-10-08 08:00:00,5966
2019-10-08 09:00:00,4832
2019-10-08 10:00:00,4395
2019-10-08 11:00:00,4411
2019-10-08 12:00:00,4648
2019-10-08 13:00:00,4602
2019-10-08 14:00:00,5125
2019-10-08 15:00:00,5502
2019-10-08 16:00:00,5979
2019-10-08 17:00:00,5663
2019-10-08 18:00:00,4259
2019-10-08 19:00:00,3069
2019-10-08 20:00:00,2378
2019-10-08 21:00:00,2030
2019-10-08 22:00:00,1400
2019-10-08 23:00:00,917
2019-10-09 00:00:00,515
2019-10-09 01:00:00,302
2019-10-09 02:00:00,251
2019-10-09 04:00:00,798
2019-10-09 05:00:00,2678
2019-10-09 06:00:00,5733
2019-10-09 07:00:00,6449
2019-10-09 08:00:00,5765
2019-10-09 09:00:00,5599
2019-10-09 10:00:00,4534
2019-10-09 11:00:00,4691
2019-10-09 12:00:00,5067
2019-10-09 13:00:00,5030
2019-10-09 14:00:00,5300
2019-10-09 15:00:00,5777
2019-10-09 16:00:00,6349
2019-10-09 17:00:00,6127
2019-10-09 18:00:00,4460
2019-10-09 19:00:00,3418
2019-10-09 20:00:00,2775
2019-10-09 21:00:00,2306
2019-10-09 22:00:00,1846
2019-10-09 23:00:00,947
2019-10-10 00:00:00,494
2019-10-10 01:00:00,332
2019-10-10 02:00:00,261
2019-10-10 03:00:00,361
2019-10-10 06:00:00,5875
2019-10-10 07:00:00,6793
2019-10-10 07:00:00,6793
2019-10-10 08:00:00,6283
2019-10-10 08:00:00,6283
2019-10-10 09:00:00,5680
2019-10-10 09:00:00,5680
2019-10-10 10:00:00,4632
2019-10-10 11:00:00,4887
2019-10-10 12:00:00,5030
2019-10-10 13:00:00,5067
2019-10-10 14:00:00,5227
2019-10-10 15:00:00,5610
2019-10-10 16:00:00,6286
2019-10-10 18:00:00,4775
2019-10-10 19:00:00,3340
2019-10-10 20:00:00,3013
2019-10-10 21:00:00,2603
2019-10-10 22:00:00,1910
2019-10-10 23:00:00,1037
2019-10-11 01:00:00,347
2019-10-11 03:00:00,350
2019-10-11 04:00:00,850
2019-10-11 05:00:00,2791
2019-10-11 06:00:00,5809
2019-10-11 07:00:00,6798
2019-10-11 08:00:00,6304
2019-10-11 09:00:00,5291
2019-10-11 10:00:00,4638
2019-10-11 14:00:00,5557
2019-10-11 15:00:00,5818
2019-10-11 16:00:00,6272
2019-10-11 17:00:00,5944
2019-10-11 18:00:00,4949
2019-10-11 19:00:00,3511
2019-10-11 20:00:00,3039
2019-10-11 21:00:00,2679
2019-10-11 22:00:00,2094
2019-10-11 23:00:00,1284
2019-10-12 00:00:00,630
2019-10-12 01:00:00,410
2019-10-12 02:00:00,331
2019-10-12 03:00:00,372
2019-10-12 04:00:00,739
2019-10-12 05:00:00,2561
2019-10-12 06:00:00,5586
2019-10-12 07:00:00,6992
2019-10-12 08:00:00,5860
2019-10-12 09:00:00,5230
2019-10-12 10:00:00,4864
2019-10-12 11:00:00,5146
2019-10-12 12:00:00,5526
2019-10-12 13:00:00,5383
2019-10-12 14:00:00,5758
2019-10-12 15:00:00,5889
2019-10-12 16:00:00,6057
2019-10-12 17:00:00,6028
2019-10-12 18:00:00,5257
2019-10-12 23:00:00,1897
2019-10-13 00:00:00,1335
2019-10-13 01:00:00,769
2019-10-13 02:00:00,570
2019-10-13 03:00:00,413
2019-10-13 04:00:00,399
2019-10-13 05:00:00,740
2019-10-13 06:00:00,1420
2019-10-13 07:00:00,2220
2019-10-13 08:00:00,3479
2019-10-13 09:00:00,4546
2019-10-13 10:00:00,4579
2019-10-13 11:00:00,4438
2019-10-13 12:00:00,4623
2019-10-13 13:00:00,4440
2019-10-13 14:00:00,4495
2019-10-13 15:00:00,4483
2019-10-13 16:00:00,4591
2019-10-13 17:00:00,4477
2019-10-13 18:00:00,4221
2019-10-13 19:00:00,3672
2019-10-13 20:00:00,3015
2019-10-13 21:00:00,2769
2019-10-13 22:00:00,2875
2019-10-13 23:00:00,1931
2019-10-14 00:00:00,1309
2019-10-14 01:00:00,870
2019-10-14 02:00:00,654
2019-10-14 03:00:00,364
2019-10-14 04:00:00,262
2019-10-14 05:00:00,505
2019-10-14 06:00:00,861
2019-10-14 07:00:00,1132
2019-10-14 08:00:00,1797
2019-10-14 09:00:00,2685
2019-10-14 09:00:00,2685
2019-10-14 09:00:00,2685
2019-10-14 10:00:00,3370
2019-10-14 10:00:00,3370
2019-10-14 11:00:00,3662
2019-10-14 11:00:00,3662
2019-10-14 12:00:00,4076
2019-10-14 12:00:00,4076
2019-10-14 12:00:00,4076
2019-10-14 13:00:00,4128
2019-10-14 13:00:00,4128
2019-10-14 13:00:00,4128
2019-10-14 14:00:00,4358
2019-10-14 14:00:00,4358
2019-10-14 14:00:00,4358
2019-10-14 15:00:00,4342
2019-10-14 15:00:00,4342
2019-10-14 16:00:00,4234
2019-10-14 17:00:00,4271
2019-10-14 17:00:00,4271
2019-10-14 18:00:00,4080
2019-10-14 19:00:00,3453
2019-10-14 20:00:00,2718
2019-10-14 21:00:00,2439
2019-10-14 22:00:00,1819
2019-10-14 23:00:00,1002
2019-10-14 23:00:00,1002
2019-10-15 00:00:00,542
2019-10-15 00:00:00,542
2019-10-15 01:00:00,303
2019-10-15 02:00:00,239
2019-10-15 03:00:00,335
2019-10-15 03:00:00,335
2019-10-15 04:00:00,810
2019-10-15 04:00:00,810
2019-10-15 05:00:00,2606
2019-10-15 05:00:00,2606
2019-10-15 06:00:00,5714
2019-10-15 07:00:00,6798
2019-10-15 08:00:00,6114
2019-10-15 09:00:00,5094
2019-10-15 10:00:00,4473
2019-10-15 11:00:00,4529
2019-10-15 12:00:00,4823
2019-10-15 13:00:00,4872
2019-10-15 14:00:00,5238
2019-10-15 15:00:00,5584
2019-10-15 16:00:00,6246
2019-10-15 17:00:00,5957
2019-10-15 18:00:00,4535
2019-10-15 19:00:00,3234
2019-10-15 20:00:00,2677
2019-10-15 21:00:00,2077
2019-10-15 22:00:00,1380
2019-10-15 23:00:00,927
2019-10-16 00:00:00,500
2019-10-16 01:00:00,324
2019-10-16 02:00:00,257
2019-10-16 03:00:00,354
2019-10-16 04:00:00,769
2019-10-16 05:00:00,2769
2019-10-16 06:00:00,5789
2019-10-16 07:00:00,7055
2019-10-16 08:00:00,6408
2019-10-16 09:00:00,5254
2019-10-16 10:00:00,4547
2019-10-16 11:00:00,4784
2019-10-16 12:00:00,5015
2019-10-16 13:00:00,5057
2019-10-16 14:00:00,5430
2019-10-16 15:00:00,5813
2019-10-16 16:00:00,6496
2019-10-16 17:00:00,6429
2019-10-16 18:00:00,5142
2019-10-16 19:00:00,3311
2019-10-16 20:00:00,2777
2019-10-16 21:00:00,2331
2019-10-16 22:00:00,1767
2019-10-16 23:00:00,1093
2019-10-17 00:00:00,554
2019-10-17 01:00:00,333
2019-10-17 02:00:00,267
2019-10-17 03:00:00,358
2019-10-17 04:00:00,777
2019-10-17 05:00:00,2732
2019-10-17 06:00:00,5637
2019-10-17 07:00:00,5564
2019-10-17 08:00:00,6274
2019-10-17 09:00:00,5403
2019-10-17 09:00:00,5403
2019-10-17 10:00:00,4680
2019-10-17 11:00:00,4642
2019-10-17 12:00:00,4979
2019-10-17 13:00:00,4851
2019-10-17 14:00:00,4291
2019-10-17 15:00:00,4714
2019-10-17 16:00:00,6723
2019-10-17 17:00:00,6180
2019-10-17 18:00:00,4843
2019-10-17 19:00:00,3435
2019-10-17 20:00:00,2921
2019-10-17 21:00:00,2763
2019-10-17 22:00:00,1930
2019-10-17 23:00:00,1160
2019-10-18 00:00:00,654
2019-10-18 01:00:00,374
2019-10-18 02:00:00,301
2019-10-18 03:00:00,397
2019-10-18 04:00:00,794
2019-10-18 05:00:00,2564
2019-10-18 06:00:00,5358
2019-10-18 07:00:00,6441
2019-10-18 08:00:00,5536
2019-10-18 09:00:00,5256
2019-10-18 10:00:00,4619
2019-10-18 11:00:00,5107
2019-10-18 12:00:00,5147
2019-10-18 13:00:00,5283
2019-10-18 14:00:00,5704
2019-10-18 15:00:00,5887
2019-10-18 16:00:00,6307
2019-10-18 17:00:00,5953
2019-10-18 18:00:00,4519
2019-10-18 19:00:00,3427
2019-10-18 20:00:00,2921
2019-10-18 21:00:00,2649
2019-10-18 22:00:00,2005
2019-10-18 23:00:00,1177
2019-10-19 00:00:00,699
2019-10-19 01:00:00,436
2019-10-19 02:00:00,353
2019-10-19 02:00:00,353
2019-10-19 03:00:00,399
2019-10-19 04:00:00,720
2019-10-19 04:00:00,720
2019-10-19 04:00:00,720
2019-10-19 04:00:00,720
2019-10-19 05:00:00,2370
2019-10-19 05:00:00,2370
2019-10-19 06:00:00,5162
2019-10-19 06:00:00,5162
2019-10-19 06:00:00,5162
2019-10-19 07:00:00,5777
2019-10-19 07:00:00,5777
2019-10-19 08:00:00,5235
2019-10-19 08:00:00,5235
2019-10-19 08:00:00,5235
2019-10-19 09:00:00,4606
2019-10-19 09:00:00,4606
2019-10-19 10:00:00,4328
2019-10-19 11:00:00,4282
2019-10-19 12:00:00,4489
2019-10-19 13:00:00,4908
2019-10-19 14:00:00,5620
2019-10-19 15:00:00,5849
2019-10-19 15:00:00,5849
2019-10-19 16:00:00,4945
2019-10-19 17:00:00,4619
2019-10-19 18:00:00,4479
2019-10-19 19:00:00,3804
2019-10-19 20:00:00,2908
2019-10-19 21:00:00,2942
2019-10-19 22:00:00,3077
2019-10-19 22:00:00,3077
2019-10-19 23:00:00,2051
2019-10-19 23:00:00,2051
2019-10-19 23:00:00,2051
2019-10-20 00:00:00,1270
2019-10-20 00:00:00,1270
2019-10-20 01:00:00,773
2019-10-20 01:00:00,773
2019-10-20 02:00:00,589
2019-10-20 03:00:00,432
2019-10-20 03:00:00,432
2019-10-20 04:00:00,401
2019-10-20 04:00:00,401
2019-10-20 04:00:00,401
2019-10-20 05:00:00,759
2019-10-20 05:00:00,759
2019-10-20 05:00:00,759
2019-10-20 06:00:00,1313
2019-10-20 06:00:00,1313
2019-10-20 06:00:00,1313
2019-10-20 07:00:00,1824
2019-10-20 07:00:00,1824
2019-10-20 07:00:00,1824
2019-10-20 08:00:00,2787
2019-10-20 08:00:00,2787
2019-10-20 08:00:00,2787
2019-10-20 09:00:00,3713
2019-10-20 09:00:00,3713
2019-10-20 09:00:00,3713
2019-10-20 09:00:00,3713
2019-10-20 10:00:00,3815
2019-10-20 10:00:00,3815
2019-10-20 10:00:00,3815
2019-10-20 10:00:00,3815
2019-10-20 11:00:00,4339
2019-10-20 11:00:00,4339
2019-10-20 11:00:00,4339
2019-10-20 12:00:00,4613
2019-10-20 12:00:00,4613
2019-10-20 12:00:00,4613
2019-10-20 12:00:00,4613
2019-10-20 13:00:00,4507
2019-10-20 14:00:00,4452
2019-10-20 15:00:00,4636
2019-10-20 16:00:00,4810
2019-10-20 17:00:00,5125
2019-10-20 18:00:00,4337
2019-10-20 19:00:00,3644
2019-10-20 20:00:00,3107
2019-10-20 21:00:00,2929
2019-10-20 22:00:00,2865
2019-10-20 23:00:00,2340
2019-10-21 00:00:00,1372
2019-10-21 08:00:00,1928
2019-10-21 08:00:00,1928
2019-10-21 17:00:00,4695
2019-10-21 18:00:00,4335
2019-10-21 22:00:00,1583
2019-10-21 23:00:00,959
2019-10-22 00:00:00,498
2019-10-22 01:00:00,306
2019-10-22 02:00:00,259
2019-10-22 03:00:00,324
2019-10-22 04:00:00,806
2019-10-22 05:00:00,2622
2019-10-22 06:00:00,5456
2019-10-22 10:00:00,4324
2019-10-22 11:00:00,4378
2019-10-22 12:00:00,4639
2019-10-22 13:00:00,4546
2019-10-22 14:00:00,5006
2019-10-22 15:00:00,5361
2019-10-22 16:00:00,6101
2019-10-22 17:00:00,5781
2019-10-22 18:00:00,4272
2019-10-22 19:00:00,3091
2019-10-22 20:00:00,2434
2019-10-22 21:00:00,1984
2019-10-22 22:00:00,1383
2019-10-22 23:00:00,959
2019-10-23 00:00:00,511
2019-10-23 01:00:00,346
2019-10-23 02:00:00,253
2019-10-23 03:00:00,349
2019-10-23 04:00:00,807
2019-10-23 05:00:00,2669
2019-10-23 06:00:00,5210
2019-10-23 07:00:00,6083
2019-10-23 08:00:00,5790
2019-10-23 09:00:00,5484
2019-10-23 10:00:00,4407
2019-10-23 11:00:00,4725
2019-10-23 12:00:00,4826
2019-10-23 13:00:00,4945
2019-10-23 14:00:00,5065
2019-10-23 15:00:00,5618
2019-10-23 16:00:00,6094
2019-10-23 17:00:00,5844
2019-10-23 18:00:00,4649
2019-10-23 19:00:00,3180
2019-10-23 20:00:00,2963
2019-10-23 21:00:00,2450
2019-10-23 22:00:00,1613
2019-10-23 23:00:00,1021
2019-10-24 00:00:00,580
2019-10-24 00:00:00,580
2019-10-24 01:00:00,298
2019-10-24 02:00:00,261
2019-10-24 03:00:00,408
2019-10-24 03:00:00,408
2019-10-24 04:00:00,793
2019-10-24 04:00:00,793
2019-10-24 05:00:00,2643
2019-10-24 05:00:00,2643
2019-10-24 05:00:00,2643
2019-10-24 06:00:00,5593
2019-10-24 06:00:00,5593
2019-10-24 06:00:00,5593
2019-10-24 06:00:00,5593
2019-10-24 07:00:00,5722
2019-10-24 07:00:00,5722
2019-10-24 08:00:00,5607
2019-10-24 08:00:00,5607
2019-10-24 08:00:00,5607
2019-10-24 08:00:00,5607
2019-10-24 09:00:00,5492
2019-10-24 09:00:00,5492
2019-10-24 09:00:00,5492
2019-10-24 10:00:00,4542
2019-10-24 11:00:00,4720
2019-10-24 11:00:00,4720
2019-10-24 12:00:00,4982
2019-10-24 12:00:00,4982
2019-10-24 12:00:00,4982
2019-10-24 13:00:00,5032
2019-10-24 13:00:00,5032
2019-10-24 13:00:00,5032
2019-10-24 14:00:00,5212
2019-10-24 14:00:00,5212
2019-10-24 15:00:00,5661
2019-10-24 15:00:00,5661
2019-10-24 15:00:00,5661
2019-10-24 16:00:00,5812
2019-10-24 17:00:00,5855
2019-10-24 17:00:00,5855
2019-10-24 18:00:00,4416
2019-10-24 18:00:00,4416
2019-10-24 19:00:00,3118
2019-10-24 20:00:00,2877
2019-10-24 20:00:00,2877
2019-10-24 21:00:00,2498
2019-10-24 22:00:00,1701
2019-10-24 23:00:00,1028
2019-10-25 00:00:00,578
2019-10-25 01:00:00,354
2019-10-25 02:00:00,272
2019-10-25 03:00:00,370
2019-10-25 04:00:00,809
2019-10-25 04:00:00,809
2019-10-25 05:00:00,2641
2019-10-25 06:00:00,4957
2019-10-25 07:00:00,6036
2019-10-25 07:00:00,6036
2019-10-25 08:00:00,5309
2019-10-25 10:00:00,4438
2019-10-25 11:00:00,4723
2019-10-25 12:00:00,4879
2019-10-25 13:00:00,5062
2019-10-25 14:00:00,5450
2019-10-25 14:00:00,5450
2019-10-25 14:00:00,5450
2019-10-25 14:00:00,5450
2019-10-25 15:00:00,5888
2019-10-25 15:00:00,5888
2019-10-25 15:00:00,5888
2019-10-25 15:00:00,5888
2019-10-25 15:00:00,5888
2019-10-25 16:00:00,6473
2019-10-25 16:00:00,6473
2019-10-25 16:00:00,6473
2019-10-25 17:00:00,6488
2019-10-25 17:00:00,6488
2019-10-25 17:00:00,6488
2019-10-25 18:00:00,5351
2019-10-25 18:00:00,5351
2019-10-25 18:00:00,5351
2019-10-25 18:00:00,5351
2019-10-25 19:00:00,3500
2019-10-25 19:00:00,3500
2019-10-25 19:00:00,3500
2019-10-25 20:00:00,2856
2019-10-25 20:00:00,2856
2019-10-25 20:00:00,2856
2019-10-25 21:00:00,2587
2019-10-25 21:00:00,2587
2019-10-25 21:00:00,2587
2019-10-25 22:00:00,1979
2019-10-25 23:00:00,1284
2019-10-26 00:00:00,665
2019-10-26 00:00:00,665
2019-10-26 00:00:00,665
2019-10-26 01:00:00,432
2019-10-26 01:00:00,432
2019-10-26 02:00:00,326
2019-10-26 02:00:00,326
2019-10-26 02:00:00,326
2019-10-26 03:00:00,380
2019-10-26 03:00:00,380
2019-10-26 03:00:00,380
2019-10-26 03:00:00,380
2019-10-26 04:00:00,705
2019-10-26 04:00:00,705
2019-10-26 04:00:00,705
2019-10-26 04:00:00,705
2019-10-26 04:00:00,705
2019-10-26 05:00:00,2430
2019-10-26 05:00:00,2430
2019-10-26 05:00:00,2430
2019-10-26 05:00:00,2430
2019-10-26 06:00:00,5426
2019-10-26 06:00:00,5426
2019-10-26 06:00:00,5426
2019-10-26 07:00:00,6499
2019-10-26 07:00:00,6499
2019-10-26 08:00:00,5856
2019-10-26 08:00:00,5856
2019-10-26 08:00:00,5856
2019-10-26 09:00:00,5234
2019-10-26 09:00:00,5234
2019-10-26 09:00:00,5234
2019-10-26 10:00:00,4695
2019-10-26 10:00:00,4695
2019-10-26 10:00:00,4695
2019-10-26 10:00:00,4695
2019-10-26 11:00:00,5341
2019-10-26 11:00:00,5341
2019-10-26 11:00:00,5341
2019-10-26 11:00:00,5341
2019-10-26 12:00:00,5943
2019-10-26 12:00:00,5943
2019-10-26 13:00:00,5874
2019-10-26 14:00:00,5879
2019-10-26 14:00:00,5879
2019-10-26 15:00:00,6060
2019-10-26 16:00:00,6348
2019-10-26 17:00:00,5955
2019-10-26 18:00:00,5341
2019-10-26 19:00:00,4144
2019-10-26 20:00:00,3249
2019-10-26 21:00:00,3017
2019-10-26 22:00:00,2765
2019-10-26 23:00:00,1894
2019-10-27 00:00:00,1159
2019-10-27 01:00:00,822
2019-10-27 02:00:00,641
2019-10-27 03:00:00,411
2019-10-27 04:00:00,468
2019-10-27 05:00:00,723
2019-10-27 06:00:00,1415
2019-10-27 07:00:00,2191
2019-10-27 08:00:00,3185
2019-10-27 09:00:00,4076
2019-10-27 10:00:00,4522
2019-10-27 11:00:00,6012
2019-10-27 12:00:00,5975
2019-10-27 13:00:00,5307
2019-10-27 14:00:00,4678
2019-10-27 15:00:00,4405
2019-10-27 16:00:00,4403
2019-10-27 17:00:00,4311
2019-10-27 18:00:00,4198
2019-10-27 19:00:00,3475
2019-10-27 20:00:00,3078
2019-10-27 21:00:00,2931
2019-10-27 22:00:00,2941
2019-10-27 23:00:00,2240
2019-10-28 00:00:00,1564
2019-10-28 01:00:00,795
2019-10-28 02:00:00,447
2019-10-28 03:00:00,443
2019-10-28 04:00:00,330
2019-10-28 05:00:00,453
2019-10-28 06:00:00,755
2019-10-28 07:00:00,953
2019-10-28 08:00:00,1650
2019-10-28 09:00:00,2442
2019-10-28 10:00:00,3230
2019-10-28 11:00:00,3575
2019-10-28 12:00:00,4139
2019-10-28 13:00:00,3892
2019-10-28 14:00:00,3989
2019-10-28 15:00:00,4294
2019-10-28 16:00:00,4521
2019-10-28 17:00:00,4280
2019-10-28 18:00:00,3945
2019-10-28 19:00:00,3169
2019-10-28 20:00:00,2772
2019-10-28 21:00:00,2213
2019-10-28 22:00:00,1570
2019-10-28 23:00:00,1065
2019-10-29 00:00:00,530
2019-10-29 01:00:00,331
2019-10-29 02:00:00,270
2019-10-29 03:00:00,316
2019-10-29 04:00:00,799
2019-10-29 05:00:00,2513
2019-10-29 06:00:00,5503
2019-10-29 07:00:00,6642
2019-10-29 08:00:00,6195
2019-10-29 09:00:00,5246
2019-10-29 10:00:00,4460
2019-10-29 11:00:00,4580
2019-10-29 12:00:00,4771
2019-10-29 13:00:00,4836
2019-10-29 14:00:00,5138
2019-10-29 15:00:00,5606
2019-10-29 16:00:00,6120
2019-10-29 17:00:00,5985
2019-10-29 18:00:00,4418
2019-10-29 19:00:00,3089
2019-10-29 20:00:00,2636
2019-10-29 21:00:00,2117
2019-10-29 22:00:00,1437
2019-10-29 23:00:00,920
2019-10-30 00:00:00,600
2019-10-30 01:00:00,393
2019-10-30 02:00:00,298
2019-10-30 03:00:00,352
2019-10-30 04:00:00,762
2019-10-30 05:00:00,2519
2019-10-30 06:00:00,5478
2019-10-30 07:00:00,6728
2019-10-30 08:00:00,5972
2019-10-30 09:00:00,5280
2019-10-30 10:00:00,4626
2019-10-30 11:00:00,4947
2019-10-30 12:00:00,5125
2019-10-30 13:00:00,5130
2019-10-30 14:00:00,5394
2019-10-30 15:00:00,5837
2019-10-30 16:00:00,6222
2019-10-30 17:00:00,5992
2019-10-30 18:00:00,4578
2019-10-30 19:00:00,3246
2019-10-30 20:00:00,2834
2019-10-30 21:00:00,2578
2019-10-30 22:00:00,1979
2019-10-30 23:00:00,1326
2019-10-31 00:00:00,541
2019-10-31 01:00:00,346
2019-10-31 02:00:00,265
2019-10-31 03:00:00,338
2019-10-31 04:00:00,765
2019-10-31 05:00:00,2611
2019-10-31 06:00:00,5577
2019-10-31 07:00:00,6908
2019-10-31 08:00:00,6079
2019-10-31 09:00:00,5309
2019-10-31 10:00:00,4567
2019-10-31 11:00:00,4804
2019-10-31 12:00:00,5041
2019-10-31 13:00:00,5051
2019-10-31 14:00:00,5274
2019-10-31 15:00:00,5936
2019-10-31 16:00:00,6128
2019-10-31 17:00:00,5821
2019-10-31 18:00:00,4040
2019-10-31 19:00:00,2711
2019-10-31 20:00:00,2690
2019-10-31 21:00:00,2539
2019-10-31 22:00:00,1925
2019-10-31 23:00:00,1471
2019-11-01 00:00:00,716
2019-11-01 01:00:00,453
2019-11-01 02:00:00,324
2019-11-01 03:00:00,390
2019-11-01 04:00:00,775
2019-11-01 05:00:00,2572
2019-11-01 06:00:00,5595
2019-11-01 07:00:00,6852
2019-11-01 08:00:00,5892
2019-11-01 09:00:00,5327
2019-11-01 10:00:00,4756
2019-11-01 11:00:00,5073
2019-11-01 12:00:00,5286
2019-11-01 13:00:00,5189
2019-11-01 14:00:00,5495
2019-11-01 15:00:00,5713
2019-11-01 16:00:00,6317
2019-11-01 17:00:00,6306
2019-11-01 18:00:00,4867
2019-11-01 19:00:00,3501
2019-11-01 20:00:00,3110
2019-11-01 21:00:00,2727
2019-11-01 22:00:00,1825
2019-11-01 23:00:00,1222
2019-11-02 00:00:00,611
2019-11-02 01:00:00,441
2019-11-02 02:00:00,331
2019-11-02 03:00:00,365
2019-11-02 04:00:00,708
2019-11-02 05:00:00,2379
2019-11-02 06:00:00,5236
2019-11-02 07:00:00,6509
2019-11-02 08:00:00,5723
2019-11-02 09:00:00,5239
2019-11-02 10:00:00,4723
2019-11-02 11:00:00,5330
2019-11-02 12:00:00,5403
2019-11-02 13:00:00,5446
2019-11-02 14:00:00,5669
2019-11-02 15:00:00,6093
2019-11-02 16:00:00,6323
2019-11-02 17:00:00,5856
2019-11-02 18:00:00,4987
2019-11-02 19:00:00,3681
2019-11-02 20:00:00,2902
2019-11-02 21:00:00,2929
2019-11-02 22:00:00,2728
2019-11-02 23:00:00,1693
2019-11-03 00:00:00,1166
2019-11-03 01:00:00,724
2019-11-03 02:00:00,568
2019-11-03 03:00:00,343
2019-11-03 04:00:00,383
2019-11-03 05:00:00,703
2019-11-03 06:00:00,1229
2019-11-03 07:00:00,2057
2019-11-03 08:00:00,3246
2019-11-03 09:00:00,4390
2019-11-03 10:00:00,4573
2019-11-03 11:00:00,4269
2019-11-03 12:00:00,4833
2019-11-03 13:00:00,4442
2019-11-03 14:00:00,4397
2019-11-03 15:00:00,4314
2019-11-03 16:00:00,4413
2019-11-03 17:00:00,4125
2019-11-03 18:00:00,4004
2019-11-03 19:00:00,3404
2019-11-03 20:00:00,2777
2019-11-03 21:00:00,2579
2019-11-03 22:00:00,2552
2019-11-03 23:00:00,1952
2019-11-04 00:00:00,2125
2019-11-04 01:00:00,730
2019-11-04 01:00:00,730
2019-11-04 02:00:00,345
2019-11-04 03:00:00,223
2019-11-04 05:00:00,488
2019-11-04 06:00:00,710
2019-11-04 07:00:00,1165
2019-11-04 08:00:00,2067
2019-11-04 08:00:00,2067
2019-11-04 09:00:00,2911
2019-11-04 10:00:00,3527
2019-11-04 11:00:00,3765
2019-11-04 12:00:00,4063
2019-11-04 13:00:00,4043
2019-11-04 14:00:00,4200
2019-11-04 15:00:00,4105
2019-11-04 16:00:00,4015
2019-11-04 17:00:00,3620
2019-11-04 18:00:00,3652
2019-11-04 19:00:00,2837
2019-11-04 20:00:00,2446
2019-11-04 21:00:00,1950
2019-11-04 22:00:00,1451
2019-11-04 23:00:00,999
2019-11-05 00:00:00,1720
2019-11-05 01:00:00,1299
2019-11-05 02:00:00,304
2019-11-05 03:00:00,412
2019-11-05 04:00:00,753
2019-11-05 05:00:00,2562
2019-11-05 06:00:00,5658
2019-11-05 07:00:00,6877
2019-11-05 08:00:00,5981
2019-11-05 09:00:00,4999
2019-11-05 10:00:00,4408
2019-11-05 11:00:00,4575
2019-11-05 12:00:00,4710
2019-11-05 13:00:00,4648
2019-11-05 14:00:00,4968
2019-11-05 16:00:00,6124
2019-11-05 17:00:00,6134
2019-11-05 18:00:00,4265
2019-11-05 20:00:00,2415
2019-11-05 21:00:00,1963
2019-11-05 22:00:00,1454
2019-11-05 23:00:00,938
2019-11-06 00:00:00,537
2019-11-06 01:00:00,313
2019-11-06 02:00:00,256
2019-11-06 03:00:00,356
2019-11-06 04:00:00,788
2019-11-06 05:00:00,2565
2019-11-06 06:00:00,5330
2019-11-06 07:00:00,6181
2019-11-06 08:00:00,6182
2019-11-06 09:00:00,5720
2019-11-06 10:00:00,4612
2019-11-06 12:00:00,4666
2019-11-06 13:00:00,5022
2019-11-06 14:00:00,5490
2019-11-06 15:00:00,5973
2019-11-06 16:00:00,6201
2019-11-06 17:00:00,5453
2019-11-06 18:00:00,3921
2019-11-06 18:00:00,3921
2019-11-06 19:00:00,2835
2019-11-06 19:00:00,2835
2019-11-06 20:00:00,2450
2019-11-06 20:00:00,2450
2019-11-06 21:00:00,2078
2019-11-06 21:00:00,2078
2019-11-06 21:00:00,2078
2019-11-06 22:00:00,1671
2019-11-06 22:00:00,1671
2019-11-06 22:00:00,1671
2019-11-06 23:00:00,1472
2019-11-06 23:00:00,1472
2019-11-07 00:00:00,792
2019-11-07 00:00:00,792
2019-11-07 00:00:00,792
2019-11-07 01:00:00,811
2019-11-07 01:00:00,811
2019-11-07 02:00:00,671
2019-11-07 02:00:00,671
2019-11-07 02:00:00,671
2019-11-07 02:00:00,671
2019-11-07 03:00:00,474
2019-11-07 03:00:00,474
2019-11-07 03:00:00,474
2019-11-07 04:00:00,790
2019-11-07 04:00:00,790
2019-11-07 05:00:00,2619
2019-11-07 05:00:00,2619
2019-11-07 06:00:00,5788
2019-11-07 06:00:00,5788
2019-11-07 06:00:00,5788
2019-11-07 07:00:00,7088
2019-11-07 07:00:00,7088
2019-11-07 08:00:00,6264
2019-11-07 08:00:00,6264
2019-11-07 09:00:00,5230
2019-11-07 10:00:00,4567
2019-11-07 11:00:00,4769
2019-11-07 12:00:00,5011
2019-11-07 13:00:00,4889
2019-11-07 14:00:00,5367
2019-11-07 15:00:00,5678
2019-11-07 15:00:00,5678
2019-11-07 16:00:00,6267
2019-11-07 16:00:00,6267
2019-11-07 16:00:00,6267
2019-11-07 16:00:00,6267
2019-11-07 17:00:00,6057
2019-11-07 17:00:00,6057
2019-11-07 18:00:00,4883
2019-11-07 19:00:00,2927
2019-11-07 20:00:00,2594
2019-11-07 21:00:00,2347
2019-11-07 22:00:00,1544
2019-11-07 23:00:00,1219
2019-11-08 00:00:00,783
2019-11-08 01:00:00,357
2019-11-08 02:00:00,286
2019-11-08 03:00:00,396
2019-11-08 04:00:00,791
2019-11-08 05:00:00,2681
2019-11-08 06:00:00,5614
2019-11-08 07:00:00,6834
2019-11-08 08:00:00,6280
2019-11-08 09:00:00,5460
2019-11-08 10:00:00,4670
2019-11-08 11:00:00,5071
2019-11-08 12:00:00,5246
2019-11-08 13:00:00,5039
2019-11-08 14:00:00,5411
2019-11-08 15:00:00,5866
2019-11-08 16:00:00,6556
2019-11-08 17:00:00,6204
2019-11-08 18:00:00,4688
2019-11-08 19:00:00,3326
2019-11-08 20:00:00,3229
2019-11-08 21:00:00,2790
2019-11-08 22:00:00,1946
2019-11-08 23:00:00,1181
2019-11-09 00:00:00,649
2019-11-09 01:00:00,422
2019-11-09 02:00:00,340
2019-11-09 03:00:00,365
2019-11-09 04:00:00,683
2019-11-09 05:00:00,2471
2019-11-09 06:00:00,5538
2019-11-09 07:00:00,6880
2019-11-09 08:00:00,5906
2019-11-09 09:00:00,5234
2019-11-09 10:00:00,4719
2019-11-09 11:00:00,5304
2019-11-09 12:00:00,5487
2019-11-09 13:00:00,5532
2019-11-09 14:00:00,5816
2019-11-09 15:00:00,5958
2019-11-09 16:00:00,6455
2019-11-09 17:00:00,6154
2019-11-09 18:00:00,5330
2019-11-09 19:00:00,3540
2019-11-09 20:00:00,3193
2019-11-09 21:00:00,2948
2019-11-09 22:00:00,2496
2019-11-09 23:00:00,1707
2019-11-10 00:00:00,1090
2019-11-10 01:00:00,735
2019-11-10 02:00:00,537
2019-11-10 03:00:00,371
2019-11-10 04:00:00,397
2019-11-10 05:00:00,696
2019-11-10 06:00:00,1301
2019-11-10 07:00:00,1932
2019-11-10 08:00:00,2952
2019-11-10 09:00:00,3529
2019-11-10 10:00:00,3837
2019-11-10 11:00:00,4338
2019-11-10 12:00:00,4762
2019-11-10 13:00:00,4367
2019-11-10 14:00:00,4369
2019-11-10 15:00:00,4536
2019-11-10 16:00:00,4520
2019-11-10 17:00:00,4677
2019-11-10 18:00:00,4025
2019-11-10 19:00:00,3128
2019-11-10 20:00:00,2905
2019-11-10 21:00:00,2853
2019-11-10 22:00:00,3288
2019-11-10 23:00:00,2239
2019-11-11 00:00:00,1381
2019-11-11 01:00:00,922
2019-11-11 01:00:00,922
2019-11-11 01:00:00,922
2019-11-11 01:00:00,922
2019-11-11 02:00:00,626
2019-11-11 02:00:00,626
2019-11-11 02:00:00,626
2019-11-11 03:00:00,331
2019-11-11 03:00:00,331
2019-11-11 03:00:00,331
2019-11-11 03:00:00,331
2019-11-11 04:00:00,304
2019-11-11 04:00:00,304
2019-11-11 04:00:00,304
2019-11-11 04:00:00,304
2019-11-11 04:00:00,304
2019-11-11 05:00:00,462
2019-11-11 05:00:00,462
2019-11-11 05:00:00,462
2019-11-11 06:00:00,793
2019-11-11 06:00:00,793
2019-11-11 06:00:00,793
2019-11-11 06:00:00,793
2019-11-11 07:00:00,1120
2019-11-11 07:00:00,1120
2019-11-11 07:00:00,1120
2019-11-11 08:00:00,1797
2019-11-11 08:00:00,1797
2019-11-11 09:00:00,2687
2019-11-11 09:00:00,2687
2019-11-11 09:00:00,2687
2019-11-11 09:00:00,2687
2019-11-11 09:00:00,2687
2019-11-11 10:00:00,3961
2019-11-11 10:00:00,3961
2019-11-11 11:00:00,4086
2019-11-11 12:00:00,3710
2019-11-11 12:00:00,3710
2019-11-11 13:00:00,3733
2019-11-11 13:00:00,3733
2019-11-11 14:00:00,3666
2019-11-11 14:00:00,3666
2019-11-11 15:00:00,4012
2019-11-11 15:00:00,4012
2019-11-11 16:00:00,4169
2019-11-11 17:00:00,3636
2019-11-11 18:00:00,3390
2019-11-11 18:00:00,3390
2019-11-11 19:00:00,2660
2019-11-11 20:00:00,2173
2019-11-11 21:00:00,1924
2019-11-11 23:00:00,2863
2019-11-12 00:00:00,1000
2019-11-12 01:00:00,352
2019-11-12 02:00:00,263
2019-11-12 03:00:00,341
2019-11-12 04:00:00,761
2019-11-12 05:00:00,2467
2019-11-12 06:00:00,5242
2019-11-12 07:00:00,5390
2019-11-12 08:00:00,2029
2019-11-12 09:00:00,2096
2019-11-12 10:00:00,2892
2019-11-12 11:00:00,4245
2019-11-12 11:00:00,4245
2019-11-12 12:00:00,4148
2019-11-12 13:00:00,4362
2019-11-12 14:00:00,4619
2019-11-12 15:00:00,4755
2019-11-12 16:00:00,5187
2019-11-12 17:00:00,5186
2019-11-12 18:00:00,3854
2019-11-12 19:00:00,2641
2019-11-12 20:00:00,2222
2019-11-12 21:00:00,1943
2019-11-12 22:00:00,1437
2019-11-12 23:00:00,2409
2019-11-13 00:00:00,905
2019-11-13 01:00:00,367
2019-11-13 02:00:00,290
2019-11-13 03:00:00,317
2019-11-13 04:00:00,775
2019-11-13 05:00:00,2571
2019-11-13 06:00:00,5541
2019-11-13 07:00:00,6529
2019-11-13 08:00:00,6242
2019-11-13 08:00:00,6242
2019-11-13 09:00:00,5438
2019-11-13 10:00:00,4656
2019-11-13 11:00:00,4759
2019-11-13 12:00:00,4943
2019-11-13 13:00:00,4924
2019-11-13 14:00:00,5409
2019-11-13 15:00:00,5664
2019-11-13 16:00:00,6436
2019-11-13 17:00:00,6212
2019-11-13 18:00:00,4324
2019-11-13 19:00:00,2948
2019-11-13 20:00:00,2604
2019-11-13 21:00:00,2192
2019-11-13 22:00:00,1563
2019-11-13 23:00:00,1346
2019-11-14 00:00:00,535
2019-11-14 01:00:00,325
2019-11-14 02:00:00,252
2019-11-14 03:00:00,361
2019-11-14 04:00:00,795
2019-11-14 05:00:00,2620
2019-11-14 06:00:00,5730
2019-11-14 07:00:00,6792
2019-11-14 08:00:00,6199
2019-11-14 09:00:00,5216
2019-11-14 10:00:00,4864
2019-11-14 11:00:00,5477
2019-11-14 12:00:00,5654
2019-11-14 13:00:00,5761
2019-11-14 14:00:00,6131
2019-11-14 15:00:00,6415
2019-11-14 16:00:00,7189
2019-11-14 17:00:00,6968
2019-11-14 18:00:00,5182
2019-11-14 19:00:00,3536
2019-11-14 20:00:00,3052
2019-11-14 21:00:00,2665
2019-11-14 22:00:00,2044
2019-11-14 23:00:00,1841
2019-11-15 00:00:00,575
2019-11-15 01:00:00,325
2019-11-15 02:00:00,294
2019-11-15 03:00:00,371
2019-11-15 04:00:00,817
2019-11-15 05:00:00,2657
2019-11-15 06:00:00,5814
2019-11-15 07:00:00,6761
2019-11-15 08:00:00,6171
2019-11-15 09:00:00,5387
2019-11-15 10:00:00,4704
2019-11-15 11:00:00,4811
2019-11-15 12:00:00,5115
2019-11-15 13:00:00,5114
2019-11-15 14:00:00,5597
2019-11-15 15:00:00,5801
2019-11-15 16:00:00,6570
2019-11-15 17:00:00,6396
2019-11-15 18:00:00,4717
2019-11-15 19:00:00,3398
2019-11-15 20:00:00,3258
2019-11-15 21:00:00,2681
2019-11-15 23:00:00,1367
2019-11-16 00:00:00,662
2019-11-16 01:00:00,435
2019-11-16 02:00:00,332
2019-11-16 03:00:00,391
2019-11-16 04:00:00,708
2019-11-16 05:00:00,2477
2019-11-16 06:00:00,5527
2019-11-16 07:00:00,6517
2019-11-16 08:00:00,5360
2019-11-16 09:00:00,5177
2019-11-16 10:00:00,4661
2019-11-16 11:00:00,5129
2019-11-16 12:00:00,5326
2019-11-16 13:00:00,5488
2019-11-16 14:00:00,5489
2019-11-16 15:00:00,5835
2019-11-16 16:00:00,6427
2019-11-16 17:00:00,6093
2019-11-16 18:00:00,5074
2019-11-16 19:00:00,3522
2019-11-16 20:00:00,2818
2019-11-16 21:00:00,2804
2019-11-16 22:00:00,2639
2019-11-16 23:00:00,1766
2019-11-17 00:00:00,1091
2019-11-17 01:00:00,739
2019-11-17 02:00:00,642
2019-11-17 03:00:00,404
2019-11-17 04:00:00,407
2019-11-17 05:00:00,753
2019-11-17 06:00:00,1381
2019-11-17 07:00:00,2046
2019-11-17 08:00:00,3031
2019-11-17 09:00:00,3842
2019-11-17 10:00:00,4233
2019-11-17 11:00:00,4416
2019-11-17 12:00:00,4753
2019-11-17 13:00:00,4525
2019-11-17 14:00:00,4628
2019-11-17 15:00:00,4546
2019-11-17 16:00:00,4516
2019-11-17 17:00:00,4468
2019-11-17 19:00:00,3265
2019-11-17 20:00:00,2608
2019-11-17 21:00:00,2770
2019-11-17 22:00:00,2661
2019-11-17 23:00:00,2191
2019-11-18 00:00:00,1293
2019-11-18 01:00:00,861
2019-11-18 02:00:00,644
2019-11-18 03:00:00,368
2019-11-18 04:00:00,293
2019-11-18 05:00:00,482
2019-11-18 06:00:00,774
2019-11-18 07:00:00,1052
2019-11-18 08:00:00,1722
2019-11-18 09:00:00,2561
2019-11-18 10:00:00,3232
2019-11-18 11:00:00,3630
2019-11-18 12:00:00,3999
2019-11-18 13:00:00,4075
2019-11-18 14:00:00,3966
2019-11-18 15:00:00,4083
2019-11-18 16:00:00,4277
2019-11-18 17:00:00,4368
2019-11-18 18:00:00,3504
2019-11-18 19:00:00,3575
2019-11-18 20:00:00,2702
2019-11-18 21:00:00,2007
2019-11-18 22:00:00,1505
2019-11-18 23:00:00,961
2019-11-19 00:00:00,476
2019-11-19 01:00:00,311
2019-11-19 02:00:00,268
2019-11-19 03:00:00,364
2019-11-19 04:00:00,789
2019-11-19 05:00:00,2579
2019-11-19 06:00:00,5546
2019-11-19 07:00:00,6831
2019-11-19 08:00:00,5884
2019-11-19 09:00:00,5133
2019-11-19 10:00:00,4518
2019-11-19 11:00:00,4564
2019-11-19 12:00:00,4925
2019-11-19 13:00:00,4866
2019-11-19 14:00:00,5118
2019-11-19 15:00:00,5473
2019-11-19 16:00:00,6276
2019-11-19 17:00:00,5908
2019-11-19 18:00:00,4239
2019-11-19 19:00:00,3011
2019-11-19 20:00:00,2644
2019-11-19 21:00:00,2150
2019-11-19 22:00:00,1539
2019-11-19 23:00:00,970
2019-11-20 00:00:00,504
2019-11-20 01:00:00,327
2019-11-20 02:00:00,254
2019-11-20 03:00:00,346
2019-11-20 04:00:00,775
2019-11-20 05:00:00,2568
2019-11-20 06:00:00,5647
2019-11-20 07:00:00,6824
2019-11-20 08:00:00,5989
2019-11-20 09:00:00,5419
2019-11-20 10:00:00,4826
2019-11-20 11:00:00,5003
2019-11-20 12:00:00,5099
2019-11-20 13:00:00,5264
2019-11-20 14:00:00,5561
2019-11-20 15:00:00,5721
2019-11-20 16:00:00,6521
2019-11-20 17:00:00,6019
2019-11-20 18:00:00,4525
2019-11-20 19:00:00,3385
2019-11-20 20:00:00,2999
2019-11-20 21:00:00,2642
2019-11-20 22:00:00,2050
2019-11-20 23:00:00,1211
2019-11-21 00:00:00,667
2019-11-21 01:00:00,399
2019-11-21 02:00:00,269
2019-11-21 03:00:00,412
2019-11-21 04:00:00,746
2019-11-21 05:00:00,2489
2019-11-21 06:00:00,5343
2019-11-21 06:00:00,5343
2019-11-21 07:00:00,6138
2019-11-21 07:00:00,6138
2019-11-21 08:00:00,5413
2019-11-21 08:00:00,5413
2019-11-21 08:00:00,5413
2019-11-21 09:00:00,5041
2019-11-21 09:00:00,5041
2019-11-21 09:00:00,5041
2019-11-21 10:00:00,4875
2019-11-21 10:00:00,4875
2019-11-21 11:00:00,5266
2019-11-21 12:00:00,5656
2019-11-21 13:00:00,5561
2019-11-21 14:00:00,5963
2019-11-21 15:00:00,5928
2019-11-21 16:00:00,5733
2019-11-21 17:00:00,4964
2019-11-21 18:00:00,4179
2019-11-21 19:00:00,3267
2019-11-21 20:00:00,2787
2019-11-21 21:00:00,2432
2019-11-21 22:00:00,1972
2019-11-21 23:00:00,1399
2019-11-22 00:00:00,919
2019-11-22 01:00:00,634
2019-11-22 02:00:00,411
2019-11-22 03:00:00,317
2019-11-22 04:00:00,252
2019-11-22 05:00:00,380
2019-11-22 06:00:00,881
2019-11-22 07:00:00,1094
2019-11-22 08:00:00,1119
2019-11-22 09:00:00,1674
2019-11-22 10:00:00,2477
2019-11-22 11:00:00,3245
2019-11-22 12:00:00,3461
2019-11-22 13:00:00,3213
2019-11-22 14:00:00,3090
2019-11-22 15:00:00,3068
2019-11-22 16:00:00,3152
2019-11-22 17:00:00,3023
2019-11-22 18:00:00,3083
2019-11-22 19:00:00,3010
2019-11-22 20:00:00,3002
2019-11-22 21:00:00,2533
2019-11-22 22:00:00,1958
2019-11-22 23:00:00,1390
2019-11-23 00:00:00,693
2019-11-23 01:00:00,482
2019-11-23 02:00:00,370
2019-11-23 03:00:00,341
2019-11-23 04:00:00,456
2019-11-23 05:00:00,1105
2019-11-23 06:00:00,2069
2019-11-23 07:00:00,2381
2019-11-23 08:00:00,2364
2019-11-23 09:00:00,2783
2019-11-23 10:00:00,3230
2019-11-23 11:00:00,3586
2019-11-23 12:00:00,3947
2019-11-23 13:00:00,3800
2019-11-23 14:00:00,4231
2019-11-23 15:00:00,4174
2019-11-23 16:00:00,4079
2019-11-23 16:00:00,4079
2019-11-23 17:00:00,3900
2019-11-23 17:00:00,3900
2019-11-23 18:00:00,3420
2019-11-23 18:00:00,3420
2019-11-23 19:00:00,2876
2019-11-23 19:00:00,2876
2019-11-23 19:00:00,2876
2019-11-23 19:00:00,2876
2019-11-23 20:00:00,2543
2019-11-23 20:00:00,2543
2019-11-23 20:00:00,2543
2019-11-23 21:00:00,2221
2019-11-23 22:00:00,2148
2019-11-23 23:00:00,1512
2019-11-23 23:00:00,1512
2019-11-24 00:00:00,917
2019-11-24 01:00:00,611
2019-11-24 01:00:00,611
2019-11-24 02:00:00,470
2019-11-24 03:00:00,322
2019-11-24 03:00:00,322
2019-11-24 04:00:00,299
2019-11-24 05:00:00,574
2019-11-24 06:00:00,1017
2019-11-24 07:00:00,1348
2019-11-24 08:00:00,1878
2019-11-24 09:00:00,2753
2019-11-24 10:00:00,3178
2019-11-24 11:00:00,3880
2019-11-24 12:00:00,4312
2019-11-24 13:00:00,4494
2019-11-24 14:00:00,4206
2019-11-24 15:00:00,4204
2019-11-24 16:00:00,4449
2019-11-24 17:00:00,4357
2019-11-24 18:00:00,3905
2019-11-24 19:00:00,3068
2019-11-24 20:00:00,2779
2019-11-25 01:00:00,689
2019-11-25 02:00:00,536
2019-11-25 03:00:00,322
2019-11-25 04:00:00,271
2019-11-25 05:00:00,426
2019-11-25 06:00:00,726
2019-11-25 07:00:00,910
2019-11-25 08:00:00,1366
2019-11-25 09:00:00,2222
2019-11-25 10:00:00,2918
2019-11-25 11:00:00,3413
2019-11-25 12:00:00,3724
2019-11-25 13:00:00,3949
2019-11-25 14:00:00,4076
2019-11-25 15:00:00,4729
2019-11-25 16:00:00,4880
2019-11-25 17:00:00,4435
2019-11-25 18:00:00,3749
2019-11-25 19:00:00,3381
2019-11-25 20:00:00,2809
2019-11-25 21:00:00,2150
2019-11-25 22:00:00,1533
2019-11-25 23:00:00,925
2019-11-26 00:00:00,524
2019-11-26 01:00:00,293
2019-11-26 02:00:00,258
2019-11-26 03:00:00,337
2019-11-26 04:00:00,771
2019-11-26 05:00:00,2496
2019-11-26 06:00:00,5529
2019-11-26 07:00:00,6752
2019-11-26 08:00:00,5787
2019-11-26 09:00:00,4699
2019-11-26 10:00:00,4271
2019-11-26 11:00:00,4314
2019-11-26 12:00:00,4603
2019-11-26 13:00:00,4816
2019-11-26 15:00:00,5449
2019-11-26 16:00:00,6238
2019-11-26 17:00:00,5761
2019-11-26 18:00:00,4022
2019-11-26 19:00:00,2874
2019-11-26 20:00:00,2362
2019-11-26 21:00:00,2098
2019-11-26 22:00:00,1342
2019-11-26 23:00:00,944
2019-11-27 00:00:00,459
2019-11-27 01:00:00,303
2019-11-27 02:00:00,247
2019-11-27 03:00:00,337
2019-11-27 04:00:00,781
2019-11-27 05:00:00,2601
2019-11-27 06:00:00,5639
2019-11-27 07:00:00,6768
2019-11-27 08:00:00,6116
2019-11-27 09:00:00,5215
2019-11-27 10:00:00,4315
2019-11-27 11:00:00,4497
2019-11-27 12:00:00,4799
2019-11-27 13:00:00,4884
2019-11-27 14:00:00,5234
2019-11-27 15:00:00,5665
2019-11-27 16:00:00,6428
2019-11-27 17:00:00,6092
2019-11-27 18:00:00,4317
2019-11-27 19:00:00,3137
2019-11-27 20:00:00,2647
2019-11-27 21:00:00,2194
2019-11-27 22:00:00,1523
2019-11-27 23:00:00,949
2019-11-28 00:00:00,510
2019-11-28 01:00:00,342
2019-11-28 02:00:00,245
2019-11-28 03:00:00,352
2019-11-28 04:00:00,759
2019-11-28 05:00:00,2638
2019-11-28 06:00:00,5816
2019-11-28 07:00:00,6995
2019-11-28 08:00:00,6071
2019-11-28 09:00:00,5228
2019-11-28 10:00:00,4570
2019-11-28 11:00:00,4809
2019-11-28 12:00:00,4839
2019-11-28 13:00:00,4837
2019-11-28 14:00:00,5290
2019-11-28 15:00:00,5621
2019-11-28 16:00:00,6116
2019-11-28 17:00:00,5813
2019-11-28 18:00:00,4314
2019-11-28 19:00:00,3077
2019-11-28 20:00:00,2691
2019-11-28 21:00:00,2297
2019-11-28 22:00:00,1568
2019-11-28 23:00:00,1020
2019-11-29 00:00:00,561
2019-11-29 01:00:00,358
2019-11-29 02:00:00,279
2019-11-29 03:00:00,363
2019-11-29 04:00:00,784
2019-11-29 05:00:00,2612
2019-11-29 06:00:00,5608
2019-11-29 07:00:00,7020
2019-11-29 08:00:00,6072
2019-11-29 09:00:00,5403
2019-11-29 10:00:00,4566
2019-11-29 11:00:00,4906
2019-11-29 12:00:00,5081
2019-11-29 13:00:00,5101
2019-11-29 14:00:00,5463
2019-11-29 15:00:00,5945
2019-11-29 16:00:00,6489
2019-11-29 17:00:00,6078
2019-11-29 18:00:00,4522
2019-11-29 19:00:00,3293
2019-11-29 20:00:00,2913
2019-11-29 21:00:00,2571
2019-11-29 23:00:00,1070
2019-11-30 00:00:00,591
2019-11-30 01:00:00,382
2019-11-30 02:00:00,340
2019-11-30 03:00:00,381
2019-11-30 04:00:00,784
2019-11-30 05:00:00,2468
2019-11-30 06:00:00,5503
2019-11-30 07:00:00,6615
2019-11-30 08:00:00,5913
2019-11-30 09:00:00,5171
2019-11-30 10:00:00,4840
2019-11-30 11:00:00,5263
2019-11-30 13:00:00,5446
2019-11-30 14:00:00,5746
2019-11-30 15:00:00,6110
2019-11-30 16:00:00,6749
2019-11-30 17:00:00,5518
2019-11-30 18:00:00,5420
2019-11-30 19:00:00,3618
2019-11-30 20:00:00,3020
2019-11-30 21:00:00,2987
2019-11-30 22:00:00,2644
2019-11-30 23:00:00,1799
2019-12-01 00:00:00,1103
2019-12-01 01:00:00,702
2019-12-01 02:00:00,588
2019-12-01 03:00:00,411
2019-12-01 04:00:00,384
2019-12-01 05:00:00,748
2019-12-01 06:00:00,1274
2019-12-01 07:00:00,2192
2019-12-01 08:00:00,2953
2019-12-01 08:00:00,2953
2019-12-01 09:00:00,3648
2019-12-01 09:00:00,3648
2019-12-01 10:00:00,3971
2019-12-01 10:00:00,3971
2019-12-01 11:00:00,4618
2019-12-01 11:00:00,4618
2019-12-01 12:00:00,5161
2019-12-01 12:00:00,5161
2019-12-01 13:00:00,4986
2019-12-01 13:00:00,4986
2019-12-01 14:00:00,4919
2019-12-01 14:00:00,4919
2019-12-01 15:00:00,4819
2019-12-01 15:00:00,4819
2019-12-01 16:00:00,5085
2019-12-01 16:00:00,5085
2019-12-01 17:00:00,5231
2019-12-01 18:00:00,4788
2019-12-01 18:00:00,4788
2019-12-01 19:00:00,3288
2019-12-01 19:00:00,3288
2019-12-01 20:00:00,2746
2019-12-01 20:00:00,2746
2019-12-01 21:00:00,2616
2019-12-01 22:00:00,2489
2019-12-01 23:00:00,1917
2019-12-02 00:00:00,1341
2019-12-02 01:00:00,825
2019-12-02 02:00:00,627
2019-12-02 03:00:00,339
2019-12-02 04:00:00,301
2019-12-02 05:00:00,447
2019-12-02 06:00:00,667
2019-12-02 07:00:00,1029
2019-12-02 08:00:00,1613
2019-12-02 10:00:00,3179
2019-12-02 11:00:00,3642
2019-12-02 12:00:00,3770
2019-12-02 13:00:00,3924
2019-12-02 13:00:00,3924
2019-12-02 14:00:00,3696
2019-12-02 14:00:00,3696
2019-12-02 15:00:00,4329
2019-12-02 15:00:00,4329
2019-12-02 16:00:00,4135
2019-12-02 16:00:00,4135
2019-12-02 17:00:00,3938
2019-12-02 17:00:00,3938
2019-12-02 18:00:00,3243
2019-12-02 18:00:00,3243
2019-12-02 19:00:00,2731
2019-12-02 20:00:00,2319
2019-12-02 21:00:00,2093
2019-12-02 22:00:00,2350
2019-12-02 23:00:00,930
2019-12-02 23:00:00,930
2019-12-03 00:00:00,496
2019-12-03 00:00:00,496
2019-12-03 01:00:00,273
2019-12-03 01:00:00,273
2019-12-03 02:00:00,234
2019-12-03 02:00:00,234
2019-12-03 03:00:00,291
2019-12-03 03:00:00,291
2019-12-03 04:00:00,802
2019-12-03 04:00:00,802
2019-12-03 05:00:00,2518
2019-12-03 06:00:00,5506
2019-12-03 07:00:00,6393
2019-12-03 08:00:00,5800
2019-12-03 08:00:00,5800
2019-12-03 09:00:00,5064
2019-12-03 09:00:00,5064
2019-12-03 10:00:00,4442
2019-12-03 10:00:00,4442
2019-12-03 11:00:00,4544
2019-12-03 11:00:00,4544
2019-12-03 12:00:00,4777
2019-12-03 12:00:00,4777
2019-12-03 13:00:00,4810
2019-12-03 13:00:00,4810
2019-12-03 14:00:00,5310
2019-12-03 15:00:00,5678
2019-12-03 16:00:00,6334
2019-12-03 17:00:00,5914
2019-12-03 18:00:00,4179
2019-12-03 19:00:00,3076
2019-12-03 20:00:00,2478
2019-12-03 21:00:00,2159
2019-12-03 22:00:00,1399
2019-12-03 23:00:00,1006
2019-12-04 00:00:00,516
2019-12-04 01:00:00,346
2019-12-04 02:00:00,253
2019-12-04 03:00:00,347
2019-12-04 04:00:00,802
2019-12-04 05:00:00,2638
2019-12-04 07:00:00,7051
2019-12-04 08:00:00,6112
2019-12-04 09:00:00,5388
2019-12-04 09:00:00,5388
2019-12-04 10:00:00,4489
2019-12-04 10:00:00,4489
2019-12-04 11:00:00,4731
2019-12-04 11:00:00,4731
2019-12-04 11:00:00,4731
2019-12-04 12:00:00,4816
2019-12-04 13:00:00,4918
2019-12-04 14:00:00,5292
2019-12-04 15:00:00,5657
2019-12-04 16:00:00,6647
2019-12-04 17:00:00,6434
2019-12-04 18:00:00,4551
2019-12-04 19:00:00,3186
2019-12-04 20:00:00,2773
2019-12-04 21:00:00,2360
2019-12-04 22:00:00,1811
2019-12-04 23:00:00,2544
2019-12-05 01:00:00,381
2019-12-05 02:00:00,264
2019-12-05 03:00:00,341
2019-12-05 04:00:00,783
2019-12-05 05:00:00,2612
2019-12-05 06:00:00,5900
2019-12-05 07:00:00,5922
2019-12-05 08:00:00,6888
2019-12-05 09:00:00,5345
2019-12-05 10:00:00,4536
2019-12-05 11:00:00,4757
2019-12-05 12:00:00,4961
2019-12-05 13:00:00,4967
2019-12-05 14:00:00,5346
2019-12-05 15:00:00,5867
2019-12-05 16:00:00,6605
2019-12-05 17:00:00,6074
2019-12-05 18:00:00,4557
2019-12-05 19:00:00,3177
2019-12-05 20:00:00,2788
2019-12-05 21:00:00,2416
2019-12-05 22:00:00,1946
2019-12-05 23:00:00,1056
2019-12-06 00:00:00,536
2019-12-06 01:00:00,348
2019-12-06 02:00:00,273
2019-12-06 03:00:00,382
2019-12-06 04:00:00,780
2019-12-06 05:00:00,2627
2019-12-06 06:00:00,5545
2019-12-06 07:00:00,6789
2019-12-06 08:00:00,6298
2019-12-06 09:00:00,5391
2019-12-06 10:00:00,4540
2019-12-06 11:00:00,5001
2019-12-06 12:00:00,5098
2019-12-06 13:00:00,5113
2019-12-06 14:00:00,5522
2019-12-06 15:00:00,5879
2019-12-06 16:00:00,6695
2019-12-06 17:00:00,6587
2019-12-06 18:00:00,4564
2019-12-06 19:00:00,3429
2019-12-06 20:00:00,2983
2019-12-06 21:00:00,3225
2019-12-06 22:00:00,2092
2019-12-06 23:00:00,1204
2019-12-07 00:00:00,629
2019-12-07 01:00:00,419
2019-12-07 02:00:00,322
2019-12-07 03:00:00,375
2019-12-07 04:00:00,743
2019-12-07 05:00:00,2480
2019-12-07 06:00:00,5555
2019-12-07 06:00:00,5555
2019-12-07 08:00:00,6012
2019-12-07 09:00:00,5253
2019-12-07 10:00:00,4832
2019-12-07 11:00:00,5404
2019-12-07 12:00:00,5654
2019-12-07 13:00:00,5727
2019-12-07 14:00:00,5918
2019-12-07 15:00:00,5938
2019-12-07 16:00:00,6082
2019-12-07 17:00:00,5376
2019-12-07 18:00:00,4270
2019-12-07 19:00:00,3231
2019-12-07 20:00:00,2617
2019-12-07 21:00:00,2995
2019-12-07 22:00:00,2652
2019-12-07 23:00:00,1667
2019-12-08 00:00:00,1072
2019-12-08 01:00:00,674
2019-12-08 02:00:00,526
2019-12-08 03:00:00,356
2019-12-08 04:00:00,418
2019-12-08 05:00:00,713
2019-12-08 06:00:00,1192
2019-12-08 07:00:00,1881
2019-12-08 08:00:00,2687
2019-12-08 09:00:00,3421
2019-12-08 10:00:00,3724
2019-12-08 11:00:00,4465
2019-12-08 12:00:00,5009
2019-12-08 13:00:00,5163
2019-12-08 14:00:00,4621
2019-12-08 15:00:00,4807
2019-12-08 15:00:00,4807
2019-12-08 16:00:00,4983
2019-12-08 16:00:00,4983
2019-12-08 17:00:00,5327
2019-12-08 17:00:00,5327
2019-12-08 19:00:00,3137
2019-12-08 20:00:00,2678
2019-12-08 21:00:00,2911
2019-12-08 22:00:00,2716
2019-12-08 23:00:00,1860
2019-12-09 01:00:00,774
2019-12-09 02:00:00,540
2019-12-09 03:00:00,321
2019-12-09 04:00:00,291
2019-12-09 05:00:00,458
2019-12-09 06:00:00,759
2019-12-09 07:00:00,938
2019-12-09 08:00:00,1438
2019-12-09 09:00:00,1916
2019-12-09 10:00:00,2483
2019-12-09 11:00:00,2299
2019-12-09 12:00:00,1824
2019-12-09 13:00:00,1686
2019-12-09 14:00:00,1715
2019-12-09 15:00:00,1989
2019-12-09 16:00:00,1773
2019-12-09 17:00:00,1607
2019-12-09 18:00:00,1338
2019-12-09 19:00:00,1261
2019-12-09 20:00:00,1031
2019-12-09 21:00:00,944
2019-12-09 22:00:00,982
2019-12-09 23:00:00,641
2019-12-10 00:00:00,357
2019-12-10 01:00:00,268
2019-12-10 01:00:00,268
2019-12-10 01:00:00,268
2019-12-10 02:00:00,216
2019-12-10 02:00:00,216
2019-12-10 02:00:00,216
2019-12-10 03:00:00,339
2019-12-10 03:00:00,339
2019-12-10 03:00:00,339
2019-12-10 04:00:00,794
2019-12-10 04:00:00,794
2019-12-10 04:00:00,794
2019-12-10 05:00:00,2139
2019-12-10 05:00:00,2139
2019-12-10 06:00:00,3902
2019-12-10 06:00:00,3902
2019-12-10 07:00:00,4433
2019-12-10 07:00:00,4433
2019-12-10 08:00:00,4265
2019-12-10 08:00:00,4265
2019-12-10 08:00:00,4265
2019-12-10 08:00:00,4265
2019-12-10 09:00:00,4057
2019-12-10 09:00:00,4057
2019-12-10 09:00:00,4057
2019-12-10 09:00:00,4057
2019-12-10 10:00:00,3599
2019-12-10 10:00:00,3599
2019-12-10 10:00:00,3599
2019-12-10 10:00:00,3599
2019-12-10 11:00:00,3761
2019-12-10 11:00:00,3761
2019-12-10 11:00:00,3761
2019-12-10 12:00:00,3866
2019-12-10 12:00:00,3866
2019-12-10 12:00:00,3866
2019-12-10 13:00:00,3882
2019-12-10 13:00:00,3882
2019-12-10 13:00:00,3882
2019-12-10 14:00:00,4205
2019-12-10 14:00:00,4205
2019-12-10 14:00:00,4205
2019-12-10 15:00:00,4400
2019-12-10 15:00:00,4400
2019-12-10 15:00:00,4400
2019-12-10 16:00:00,4685
2019-12-10 16:00:00,4685
2019-12-10 16:00:00,4685
2019-12-10 17:00:00,4208
2019-12-10 17:00:00,4208
2019-12-10 17:00:00,4208
2019-12-10 17:00:00,4208
2019-12-10 18:00:00,3516
2019-12-10 18:00:00,3516
2019-12-10 19:00:00,2520
2019-12-10 19:00:00,2520
2019-12-10 19:00:00,2520
2019-12-10 20:00:00,2131
2019-12-10 20:00:00,2131
2019-12-10 20:00:00,2131
2019-12-10 21:00:00,1983
2019-12-10 21:00:00,1983
2019-12-10 22:00:00,1684
2019-12-10 22:00:00,1684
2019-12-10 23:00:00,976
2019-12-10 23:00:00,976
2019-12-11 00:00:00,450
2019-12-11 00:00:00,450
2019-12-11 01:00:00,314
2019-12-11 02:00:00,255
2019-12-11 03:00:00,344
2019-12-11 04:00:00,789
2019-12-11 04:00:00,789
2019-12-11 05:00:00,2531
2019-12-11 06:00:00,4867
2019-12-11 07:00:00,5263
2019-12-11 08:00:00,5325
2019-12-11 09:00:00,5137
2019-12-11 10:00:00,4582
2019-12-11 11:00:00,4202
2019-12-11 12:00:00,4396
2019-12-11 13:00:00,4519
2019-12-11 14:00:00,4890
2019-12-11 15:00:00,5139
2019-12-11 16:00:00,5242
2019-12-11 17:00:00,4913
2019-12-11 18:00:00,4415
2019-12-11 19:00:00,2880
2019-12-11 20:00:00,2425
2019-12-11 21:00:00,2273
2019-12-11 22:00:00,1746
2019-12-11 23:00:00,1007
2019-12-12 00:00:00,571
2019-12-12 00:00:00,571
2019-12-12 01:00:00,349
2019-12-12 02:00:00,245
2019-12-12 03:00:00,357
2019-12-12 03:00:00,357
2019-12-12 04:00:00,833
2019-12-12 04:00:00,833
2019-12-12 05:00:00,2620
2019-12-12 06:00:00,5178
2019-12-12 07:00:00,5771
2019-12-12 07:00:00,5771
2019-12-12 08:00:00,5586
2019-12-12 08:00:00,5586
2019-12-12 09:00:00,5310
2019-12-12 10:00:00,4313
2019-12-12 11:00:00,4583
2019-12-12 13:00:00,4810
2019-12-12 14:00:00,5320
2019-12-12 15:00:00,5497
2019-12-12 16:00:00,6208
2019-12-12 17:00:00,5574
2019-12-12 18:00:00,4371
2019-12-12 19:00:00,3104
2019-12-12 20:00:00,2616
2019-12-12 21:00:00,2425
2019-12-12 21:00:00,2425
2019-12-12 22:00:00,1928
2019-12-12 23:00:00,1081
2019-12-13 00:00:00,590
2019-12-13 00:00:00,590
2019-12-13 01:00:00,371
2019-12-13 02:00:00,268
2019-12-13 03:00:00,356
2019-12-13 04:00:00,876
2019-12-13 05:00:00,2651
2019-12-13 06:00:00,5183
2019-12-13 07:00:00,6385
2019-12-13 08:00:00,6038
2019-12-13 09:00:00,5045
2019-12-13 10:00:00,4531
2019-12-13 11:00:00,5031
2019-12-13 12:00:00,5050
2019-12-13 13:00:00,4989
2019-12-13 14:00:00,5622
2019-12-13 15:00:00,5698
2019-12-13 16:00:00,6132
2019-12-13 17:00:00,5331
2019-12-13 18:00:00,4534
2019-12-13 19:00:00,3275
2019-12-13 20:00:00,2982
2019-12-13 21:00:00,2632
2019-12-13 22:00:00,2074
2019-12-13 23:00:00,1158
2019-12-14 00:00:00,652
2019-12-14 01:00:00,411
2019-12-14 02:00:00,371
2019-12-14 03:00:00,447
2019-12-14 04:00:00,781
2019-12-14 05:00:00,2508
2019-12-14 06:00:00,5412
2019-12-14 07:00:00,6507
2019-12-14 08:00:00,5595
2019-12-14 09:00:00,5113
2019-12-14 10:00:00,4868
2019-12-14 11:00:00,5297
2019-12-14 12:00:00,5480
2019-12-14 13:00:00,5407
2019-12-14 14:00:00,5519
2019-12-14 15:00:00,6002
2019-12-14 16:00:00,6185
2019-12-14 17:00:00,5545
2019-12-14 18:00:00,4555
2019-12-14 19:00:00,3598
2019-12-14 19:00:00,3598
2019-12-14 20:00:00,2868
2019-12-14 20:00:00,2868
2019-12-14 21:00:00,2819
2019-12-14 22:00:00,2890
2019-12-14 23:00:00,1828
2019-12-15 00:00:00,1147
2019-12-15 01:00:00,699
2019-12-15 02:00:00,556
2019-12-15 03:00:00,385
2019-12-15 04:00:00,421
2019-12-15 05:00:00,716
2019-12-15 06:00:00,1104
2019-12-15 07:00:00,1616
2019-12-15 08:00:00,2407
2019-12-15 09:00:00,3169
2019-12-15 10:00:00,3519
2019-12-15 10:00:00,3519
2019-12-15 11:00:00,3938
2019-12-15 12:00:00,4030
2019-12-15 12:00:00,4030
2019-12-15 13:00:00,4235
2019-12-15 14:00:00,4080
2019-12-15 15:00:00,4143
2019-12-15 16:00:00,4347
2019-12-15 17:00:00,4088
2019-12-15 19:00:00,2822
2019-12-15 20:00:00,2420
2019-12-15 21:00:00,2406
2019-12-15 22:00:00,2320
2019-12-15 23:00:00,1621
2019-12-16 00:00:00,1098
2019-12-16 01:00:00,704
2019-12-16 02:00:00,588
2019-12-16 03:00:00,307
2019-12-16 03:00:00,307
2019-12-16 03:00:00,307
2019-12-16 03:00:00,307
2019-12-16 04:00:00,271
2019-12-16 04:00:00,271
2019-12-16 04:00:00,271
2019-12-16 04:00:00,271
2019-12-16 05:00:00,455
2019-12-16 05:00:00,455
2019-12-16 05:00:00,455
2019-12-16 06:00:00,690
2019-12-16 06:00:00,690
2019-12-16 06:00:00,690
2019-12-16 07:00:00,964
2019-12-16 07:00:00,964
2019-12-16 07:00:00,964
2019-12-16 07:00:00,964
2019-12-16 08:00:00,1616
2019-12-16 08:00:00,1616
2019-12-16 08:00:00,1616
2019-12-16 08:00:00,1616
2019-12-16 09:00:00,2300
2019-12-16 09:00:00,2300
2019-12-16 09:00:00,2300
2019-12-16 09:00:00,2300
2019-12-16 09:00:00,2300
2019-12-16 10:00:00,3021
2019-12-16 10:00:00,3021
2019-12-16 10:00:00,3021
2019-12-16 10:00:00,3021
2019-12-16 11:00:00,3473
2019-12-16 11:00:00,3473
2019-12-16 11:00:00,3473
2019-12-16 12:00:00,3552
2019-12-16 12:00:00,3552
2019-12-16 12:00:00,3552
2019-12-16 13:00:00,3657
2019-12-16 13:00:00,3657
2019-12-16 13:00:00,3657
2019-12-16 14:00:00,3547
2019-12-16 14:00:00,3547
2019-12-16 14:00:00,3547
2019-12-16 14:00:00,3547
2019-12-16 15:00:00,3884
2019-12-16 15:00:00,3884
2019-12-16 15:00:00,3884
2019-12-16 16:00:00,4130
2019-12-16 16:00:00,4130
2019-12-16 16:00:00,4130
2019-12-16 16:00:00,4130
2019-12-16 17:00:00,3775
2019-12-16 17:00:00,3775
2019-12-16 17:00:00,3775
2019-12-16 17:00:00,3775
2019-12-16 18:00:00,3076
2019-12-16 18:00:00,3076
2019-12-16 18:00:00,3076
2019-12-16 18:00:00,3076
2019-12-16 19:00:00,2597
2019-12-16 19:00:00,2597
2019-12-16 19:00:00,2597
2019-12-16 19:00:00,2597
2019-12-16 19:00:00,2597
2019-12-16 20:00:00,2186
2019-12-16 20:00:00,2186
2019-12-16 20:00:00,2186
2019-12-16 21:00:00,1945
2019-12-16 21:00:00,1945
2019-12-16 21:00:00,1945
2019-12-16 21:00:00,1945
2019-12-16 21:00:00,1945
2019-12-16 22:00:00,1476
2019-12-16 22:00:00,1476
2019-12-16 22:00:00,1476
2019-12-16 23:00:00,929
2019-12-16 23:00:00,929
2019-12-16 23:00:00,929
2019-12-17 00:00:00,485
2019-12-17 00:00:00,485
2019-12-17 00:00:00,485
2019-12-17 01:00:00,306
2019-12-17 01:00:00,306
2019-12-17 02:00:00,250
2019-12-17 03:00:00,317
2019-12-17 04:00:00,801
2019-12-17 05:00:00,2543
2019-12-17 06:00:00,5665
2019-12-17 07:00:00,6520
2019-12-17 08:00:00,5663
2019-12-17 09:00:00,5053
2019-12-17 10:00:00,4384
2019-12-17 11:00:00,4589
2019-12-17 12:00:00,4814
2019-12-17 13:00:00,4994
2019-12-17 14:00:00,5122
2019-12-17 15:00:00,5694
2019-12-17 16:00:00,6195
2019-12-17 17:00:00,5590
2019-12-17 18:00:00,3996
2019-12-17 19:00:00,2953
2019-12-17 20:00:00,2391
2019-12-17 21:00:00,2018
2019-12-17 22:00:00,1385
2019-12-17 23:00:00,966
2019-12-18 00:00:00,511
2019-12-18 01:00:00,332
2019-12-18 02:00:00,248
2019-12-18 03:00:00,359
2019-12-18 04:00:00,812
2019-12-18 05:00:00,2528
2019-12-18 06:00:00,5814
2019-12-18 07:00:00,6656
2019-12-18 08:00:00,5843
2019-12-18 09:00:00,5303
2019-12-18 09:00:00,5303
2019-12-18 10:00:00,4918
2019-12-18 11:00:00,5198
2019-12-18 11:00:00,5198
2019-12-18 12:00:00,5316
2019-12-18 13:00:00,5433
2019-12-18 13:00:00,5433
2019-12-18 14:00:00,5785
2019-12-18 14:00:00,5785
2019-12-18 15:00:00,6120
2019-12-18 15:00:00,6120
2019-12-18 16:00:00,6493
2019-12-18 16:00:00,6493
2019-12-18 17:00:00,5915
2019-12-18 17:00:00,5915
2019-12-18 18:00:00,4570
2019-12-18 18:00:00,4570
2019-12-18 19:00:00,3467
2019-12-18 19:00:00,3467
2019-12-18 20:00:00,2855
2019-12-18 21:00:00,2549
2019-12-18 21:00:00,2549
2019-12-18 22:00:00,2137
2019-12-18 22:00:00,2137
2019-12-18 23:00:00,1295
2019-12-18 23:00:00,1295
2019-12-19 00:00:00,534
2019-12-19 00:00:00,534
2019-12-19 01:00:00,348
2019-12-19 01:00:00,348
2019-12-19 02:00:00,278
2019-12-19 02:00:00,278
2019-12-19 03:00:00,378
2019-12-19 03:00:00,378
2019-12-19 04:00:00,790
2019-12-19 04:00:00,790
2019-12-19 05:00:00,2526
2019-12-19 06:00:00,5796
2019-12-19 07:00:00,6803
2019-12-19 08:00:00,5779
2019-12-19 09:00:00,5318
2019-12-19 09:00:00,5318
2019-12-19 09:00:00,5318
2019-12-19 10:00:00,4869
2019-12-19 10:00:00,4869
2019-12-19 11:00:00,4999
2019-12-19 12:00:00,5104
2019-12-19 13:00:00,5084
2019-12-19 13:00:00,5084
2019-12-19 14:00:00,5634
2019-12-19 14:00:00,5634
2019-12-19 15:00:00,5912
2019-12-19 15:00:00,5912
2019-12-19 16:00:00,6135
2019-12-19 16:00:00,6135
2019-12-19 17:00:00,5784
2019-12-19 17:00:00,5784
2019-12-19 18:00:00,4553
2019-12-19 18:00:00,4553
2019-12-19 19:00:00,3353
2019-12-19 19:00:00,3353
2019-12-19 20:00:00,2883
2019-12-19 20:00:00,2883
2019-12-19 21:00:00,2591
2019-12-19 21:00:00,2591
2019-12-19 21:00:00,2591
2019-12-19 22:00:00,2004
2019-12-19 22:00:00,2004
2019-12-19 23:00:00,1113
2019-12-19 23:00:00,1113
2019-12-20 00:00:00,641
2019-12-20 01:00:00,419
2019-12-20 02:00:00,281
2019-12-20 03:00:00,391
2019-12-20 04:00:00,837
2019-12-20 05:00:00,2489
2019-12-20 06:00:00,5277
2019-12-20 07:00:00,5631
2019-12-20 08:00:00,5444
2019-12-20 08:00:00,5444
2019-12-20 09:00:00,4803
2019-12-20 09:00:00,4803
2019-12-20 10:00:00,4500
2019-12-20 11:00:00,4785
2019-12-20 11:00:00,4785
2019-12-20 12:00:00,4800
2019-12-20 13:00:00,5007
2019-12-20 15:00:00,5632
2019-12-20 16:00:00,6333
2019-12-20 17:00:00,5831
2019-12-20 18:00:00,4279
2019-12-20 19:00:00,3270
2019-12-20 20:00:00,2677
2019-12-20 21:00:00,2458
2019-12-20 21:00:00,2458
2019-12-20 22:00:00,2208
2019-12-20 22:00:00,2208
2019-12-20 23:00:00,1244
2019-12-21 00:00:00,737
2019-12-21 01:00:00,436
2019-12-21 01:00:00,436
2019-12-21 02:00:00,318
2019-12-21 02:00:00,318
2019-12-21 03:00:00,386
2019-12-21 03:00:00,386
2019-12-21 04:00:00,739
2019-12-21 04:00:00,739
2019-12-21 04:00:00,739
2019-12-21 05:00:00,2242
2019-12-21 05:00:00,2242
2019-12-21 05:00:00,2242
2019-12-21 06:00:00,5014
2019-12-21 06:00:00,5014
2019-12-21 07:00:00,5982
2019-12-21 07:00:00,5982
2019-12-21 08:00:00,5315
2019-12-21 08:00:00,5315
2019-12-21 08:00:00,5315
2019-12-21 09:00:00,5000
2019-12-21 09:00:00,5000
2019-12-21 10:00:00,4985
2019-12-21 10:00:00,4985
2019-12-21 10:00:00,4985
2019-12-21 11:00:00,5409
2019-12-21 13:00:00,5578
2019-12-21 14:00:00,5806
2019-12-21 15:00:00,5999
2019-12-21 16:00:00,5968
2019-12-21 17:00:00,5264
2019-12-21 18:00:00,4605
2019-12-21 19:00:00,3725
2019-12-21 20:00:00,3058
2019-12-21 21:00:00,2795
2019-12-21 22:00:00,2724
2019-12-21 23:00:00,1843
2019-12-22 00:00:00,1227
2019-12-22 01:00:00,741
2019-12-22 02:00:00,531
2019-12-22 03:00:00,407
2019-12-22 04:00:00,394
2019-12-22 05:00:00,651
2019-12-22 06:00:00,1048
2019-12-22 07:00:00,1451
2019-12-22 08:00:00,2100
2019-12-22 09:00:00,3111
2019-12-22 10:00:00,3705
2019-12-22 11:00:00,4164
2019-12-22 12:00:00,4300
2019-12-22 13:00:00,4350
2019-12-22 14:00:00,4243
2019-12-22 15:00:00,4332
2019-12-22 16:00:00,4678
2019-12-22 17:00:00,4384
2019-12-22 18:00:00,3631
2019-12-22 19:00:00,3132
2019-12-22 20:00:00,2694
2019-12-22 21:00:00,2567
2019-12-22 22:00:00,2451
2019-12-22 23:00:00,1693
2019-12-23 00:00:00,1063
2019-12-23 01:00:00,685
2019-12-23 02:00:00,577
2019-12-23 04:00:00,261
2019-12-23 05:00:00,401
2019-12-23 06:00:00,660
2019-12-23 07:00:00,895
2019-12-23 08:00:00,1417
2019-12-23 09:00:00,2288
2019-12-23 10:00:00,2955
2019-12-23 11:00:00,3397
2019-12-23 12:00:00,3324
2019-12-23 13:00:00,3459
2019-12-23 14:00:00,3292
2019-12-23 15:00:00,3838
2019-12-23 16:00:00,4039
2019-12-23 17:00:00,3474
2019-12-23 18:00:00,3071
2019-12-23 19:00:00,2537
2019-12-23 20:00:00,2254
2019-12-23 21:00:00,2099
2019-12-23 22:00:00,1847
2019-12-23 23:00:00,1198
2019-12-24 00:00:00,664
2019-12-24 01:00:00,401
2019-12-24 02:00:00,330
2019-12-24 03:00:00,250
2019-12-24 04:00:00,430
2019-12-24 05:00:00,998
2019-12-24 06:00:00,1940
2019-12-24 07:00:00,2440
2019-12-24 08:00:00,2174
2019-12-24 09:00:00,2521
2019-12-24 10:00:00,3008
2019-12-24 11:00:00,3559
2019-12-24 12:00:00,3997
2019-12-24 13:00:00,3821
2019-12-24 14:00:00,4048
2019-12-24 15:00:00,4032
2019-12-24 16:00:00,3759
2019-12-24 17:00:00,3099
2019-12-24 18:00:00,2536
2019-12-24 19:00:00,1972
2019-12-24 20:00:00,2212
2019-12-24 21:00:00,2463
2019-12-24 22:00:00,2240
2019-12-24 23:00:00,1542
2019-12-25 00:00:00,803
2019-12-25 01:00:00,575
2019-12-25 02:00:00,352
2019-12-25 03:00:00,191
2019-12-25 04:00:00,125
2019-12-25 05:00:00,208
2019-12-25 06:00:00,432
2019-12-25 07:00:00,478
2019-12-25 07:00:00,478
2019-12-25 08:00:00,642
2019-12-25 09:00:00,1138
2019-12-25 10:00:00,1787
2019-12-25 11:00:00,2314
2019-12-25 12:00:00,2549
2019-12-25 13:00:00,2724
2019-12-25 14:00:00,2739
2019-12-25 15:00:00,2788
2019-12-25 16:00:00,2938
2019-12-25 17:00:00,2934
2019-12-25 18:00:00,2944
2019-12-25 19:00:00,2941
2019-12-25 20:00:00,2795
2019-12-25 21:00:00,2370
2019-12-25 22:00:00,1758
2019-12-25 23:00:00,1079
2019-12-26 00:00:00,539
2019-12-26 01:00:00,285
2019-12-26 02:00:00,252
2019-12-26 03:00:00,275
2019-12-26 04:00:00,558
2019-12-26 05:00:00,1880
2019-12-26 06:00:00,3922
2019-12-26 07:00:00,4087
2019-12-26 08:00:00,3745
2019-12-26 09:00:00,3577
2019-12-26 10:00:00,3708
2019-12-26 11:00:00,4209
2019-12-26 12:00:00,4422
2019-12-26 13:00:00,4699
2019-12-26 14:00:00,4935
2019-12-26 15:00:00,5203
2019-12-26 16:00:00,5489
2019-12-26 17:00:00,5036
2019-12-26 18:00:00,3838
2019-12-26 19:00:00,2796
2019-12-26 20:00:00,2327
2019-12-26 21:00:00,2010
2019-12-26 22:00:00,1856
2019-12-26 23:00:00,1139
2019-12-27 00:00:00,686
2019-12-27 01:00:00,418
2019-12-27 02:00:00,301
2019-12-27 03:00:00,303
2019-12-27 04:00:00,625
2019-12-27 05:00:00,2085
2019-12-27 06:00:00,4313
2019-12-27 07:00:00,4795
2019-12-27 08:00:00,4285
2019-12-27 09:00:00,4181
2019-12-27 10:00:00,4177
2019-12-27 11:00:00,4434
2019-12-27 12:00:00,4791
2019-12-27 13:00:00,4920
2019-12-27 14:00:00,5212
2019-12-27 15:00:00,5352
2019-12-27 16:00:00,5652
2019-12-27 17:00:00,4654
2019-12-27 18:00:00,3629
2019-12-27 19:00:00,2651
2019-12-27 20:00:00,2387
2019-12-27 21:00:00,2134
2019-12-27 22:00:00,1971
2019-12-27 23:00:00,1182
2019-12-28 00:00:00,652
2019-12-28 01:00:00,452
2019-12-28 02:00:00,346
2019-12-28 03:00:00,394
2019-12-28 04:00:00,633
2019-12-28 05:00:00,1887
2019-12-28 06:00:00,3913
2019-12-28 07:00:00,4353
2019-12-28 08:00:00,3848
2019-12-28 09:00:00,3860
2019-12-28 10:00:00,3795
2019-12-28 11:00:00,4471
2019-12-28 13:00:00,4860
2019-12-28 14:00:00,5262
2019-12-28 15:00:00,5372
2019-12-28 15:00:00,5372
2019-12-28 16:00:00,5441
2019-12-28 16:00:00,5441
2019-12-28 17:00:00,4760
2019-12-28 17:00:00,4760
2019-12-28 18:00:00,4134
2019-12-28 18:00:00,4134
2019-12-28 19:00:00,3138
2019-12-28 19:00:00,3138
2019-12-28 20:00:00,2637
2019-12-28 20:00:00,2637
2019-12-28 21:00:00,2614
2019-12-28 21:00:00,2614
2019-12-28 22:00:00,2335
2019-12-28 22:00:00,2335
2019-12-28 23:00:00,1646
2019-12-28 23:00:00,1646
2019-12-29 00:00:00,1003
2019-12-29 00:00:00,1003
2019-12-29 01:00:00,670
2019-12-29 01:00:00,670
2019-12-29 02:00:00,503
2019-12-29 02:00:00,503
2019-12-29 03:00:00,357
2019-12-29 03:00:00,357
2019-12-29 04:00:00,399
2019-12-29 04:00:00,399
2019-12-29 05:00:00,619
2019-12-29 05:00:00,619
2019-12-29 06:00:00,1018
2019-12-29 07:00:00,1280
2019-12-29 07:00:00,1280
2019-12-29 08:00:00,1774
2019-12-29 08:00:00,1774
2019-12-29 09:00:00,2565
2019-12-29 09:00:00,2565
2019-12-29 10:00:00,3055
2019-12-29 10:00:00,3055
2019-12-29 11:00:00,3583
2019-12-29 11:00:00,3583
2019-12-29 12:00:00,3910
2019-12-29 13:00:00,4093
2019-12-29 14:00:00,4240
2019-12-29 14:00:00,4240
2019-12-29 15:00:00,4325
2019-12-29 15:00:00,4325
2019-12-29 16:00:00,4357
2019-12-29 16:00:00,4357
2019-12-29 17:00:00,4522
2019-12-29 18:00:00,4732
2019-12-29 19:00:00,2859
2019-12-29 19:00:00,2859
2019-12-29 20:00:00,2647
2019-12-29 20:00:00,2647
2019-12-29 21:00:00,2429
2019-12-29 21:00:00,2429
2019-12-29 22:00:00,2657
2019-12-29 23:00:00,2419
2019-12-30 00:00:00,1195
2019-12-30 01:00:00,752
2019-12-30 02:00:00,586
2019-12-30 03:00:00,356
2019-12-30 04:00:00,270
2019-12-30 05:00:00,415
2019-12-30 06:00:00,651
2019-12-30 08:00:00,1337
2019-12-30 08:00:00,1337
2019-12-30 09:00:00,1997
2019-12-30 10:00:00,2930
2019-12-30 10:00:00,2930
2019-12-30 11:00:00,3508
2019-12-30 11:00:00,3508
2019-12-30 12:00:00,3951
2019-12-30 12:00:00,3951
2019-12-30 13:00:00,4644
2019-12-30 13:00:00,4644
2019-12-30 14:00:00,4524
2019-12-30 15:00:00,3717
2019-12-30 16:00:00,3206
2019-12-30 17:00:00,2933
2019-12-30 18:00:00,2615
2019-12-30 19:00:00,3059
2019-12-30 20:00:00,2277
2019-12-30 21:00:00,1880
2019-12-30 22:00:00,1717
2019-12-30 23:00:00,1126
2019-12-31 01:00:00,374
2019-12-31 02:00:00,341
2019-12-31 03:00:00,295
2019-12-31 04:00:00,483
2019-12-31 05:00:00,1421
2019-12-31 06:00:00,3092
2019-12-31 06:00:00,3092
2019-12-31 07:00:00,3733
2019-12-31 08:00:00,3382
2019-12-31 08:00:00,3382
2019-12-31 09:00:00,3453
2019-12-31 10:00:00,3540
2019-12-31 11:00:00,4234
2019-12-31 12:00:00,4737
2019-12-31 13:00:00,4599
2019-12-31 14:00:00,4836
2019-12-31 15:00:00,4976
2019-12-31 16:00:00,4965
2019-12-31 17:00:00,4419
2019-12-31 18:00:00,3707
2019-12-31 19:00:00,3294
2019-12-31 20:00:00,2888
2019-12-31 21:00:00,2588
2019-12-31 22:00:00,2293
2019-12-31 23:00:00,1596
